asset,strategy,forward_minutes,trades,win_rate,wins,losses,expectancy_pips,avg_move_pips
USDDZD_otc,BOS_Confluence_Bear,5,88,0.8068181818181818,71,15,0.624247744672389,1.365909090909315
BRLUSD_otc,NY_KZ_CHoCH_Bear,5,113,0.7964601769911505,90,22,4.838650850873343,12.442477876106132
USDPKR_otc,BOS_Continuation_Bear,5,4857,0.7914350422071237,3844,954,0.5502907328292004,1.0685196623430258
USDARS_otc,BOS_Confluence_Bull,5,57,0.7894736842105263,45,11,10.63050205422165,18.77192982455909
USDDZD_otc,NY_KZ_CHoCH_Bull,5,113,0.7876106194690266,89,24,0.5381808985550409,1.586725663716694
USDDZD_otc,BOS_Continuation_Bear,5,4425,0.7832768361581921,3466,903,0.514334011019713,1.1066440677966187
BRLUSD_otc,BOS_Continuation_Bear,5,4515,0.7818383167220376,3530,923,4.309881018163178,9.525581395348823
USDARS_otc,BOS_Continuation_Bull,5,5082,0.7790240062967335,3959,1072,9.450528506962437,14.8835104289649
BRLUSD_otc,BOS_Continuation_Bull,5,4885,0.7783009211873081,3802,1020,4.148494088312561,10.36786079836235
USDPKR_otc,BOS_Continuation_Bull,5,4692,0.7766410912190963,3644,969,0.4891518717015552,0.9619138959931562
USDDZD_otc,BOS_Continuation_Bull,5,5265,0.7766381766381767,4089,1109,0.4962732284024977,1.1412725546059044
USDARS_otc,BOS_Confluence_Bull,3,57,0.7719298245614035,44,11,9.111858903618552,11.175438596490638
USDPKR_otc,BOS_Confluence_Bear,5,78,0.7692307692307693,60,17,0.477555378247612,0.6320512820517129
USDARS_otc,BOS_Continuation_Bear,5,4585,0.7677208287895311,3520,997,8.567048952951811,18.993675027262725
USDPKR_otc,BOS_Continuation_Bear,3,4857,0.7554045707226683,3669,870,0.3913783924907351,0.9294832200947618
BRLUSD_otc,NY_KZ_CHoCH_Bear,3,113,0.7522123893805309,85,21,3.18911078807561,9.94690265486728
USDDZD_otc,BOS_Continuation_Bear,3,4425,0.7477966101694915,3309,815,0.3578409107675909,0.9068474576271167
USDPKR_otc,BOS_Confluence_Bear,3,78,0.7435897435897436,58,15,0.358166533685709,0.5743589743593119
USDDZD_otc,NY_KZ_CHoCH_Bull,3,113,0.7433628318584071,84,21,0.3412854478641725,0.9327433628317344
BRLUSD_otc,BOS_Continuation_Bear,3,4515,0.7433001107419712,3356,815,2.867728523623962,7.877740863787385
USDPKR_otc,NY_KZ_CHoCH_Bull,5,116,0.7413793103448276,86,28,0.32335309036907406,0.47844827586207483
USDPKR_otc,BOS_Continuation_Bull,3,4692,0.7399829497016198,3472,871,0.3261012478010371,0.8559036658141236
USDDZD_otc,BOS_Continuation_Bull,3,5265,0.7388414055080722,3890,989,0.32570609117953214,0.9299335232668587
USDARS_otc,BOS_Continuation_Bull,3,5082,0.7371113734750099,3746,970,5.9252000096191875,14.374655647382765
BRLUSD_otc,BOS_Continuation_Bull,3,4885,0.7365404298874104,3598,901,2.596612436694414,8.237666325486193
USDPKR_otc,NY_KZ_CHoCH_Bear,5,125,0.736,92,32,0.30086409350769167,1.4192000000001825
USDPKR_otc,CHoCH_Reversal_Bear,5,977,0.7359263050153532,719,240,0.3041455813359715,0.8712384851586722
USDARS_otc,BOS_Continuation_Bear,3,4585,0.7319520174482007,3356,895,5.534683424281104,16.234460196292154
BRLUSD_otc,BOS_Confluence_Bear,5,67,0.7313432835820896,49,18,2.4604221209699775,-0.6417910447762223
BRLUSD_otc,CHoCH_Reversal_Bear,5,1054,0.7305502846299811,770,269,2.36936558362564,2.464895635673608
USDDZD_otc,BOS_Confluence_Bear,3,88,0.7272727272727273,64,15,0.26994497066914136,0.6568181818181852
USDARS_otc,CHoCH_Reversal_Bear,5,1117,0.7251566696508505,810,295,4.958201523381154,6.563115487913888
BRLUSD_otc,BOS_Confluence_Bull,5,65,0.7230769230769231,47,17,2.128866135523374,-0.3076923076923163
USDDZD_otc,CHoCH_Reversal_Bear,5,1014,0.722879684418146,733,268,0.2471689673734748,0.5730769230769321
USDDZD_otc,CHoCH_Reversal_Bull,5,1014,0.7189349112426036,729,275,0.22986713786945664,0.5480276134122528
USDPKR_otc,NY_KZ_CHoCH_Bull,3,116,0.7068965517241379,82,27,0.17411320250642429,0.3465517241381157
USDDZD_otc,London_KZ_Sweep_Bull,5,146,0.7054794520547946,103,42,0.17034267687036264,0.7191780821919054
USDDZD_otc,BOS_Confluence_Bull,5,78,0.7051282051282052,55,21,0.17526163367387318,0.7333333333336284
BRLUSD_otc,CHoCH_Reversal_Bull,5,1054,0.7030360531309298,741,298,1.3536269320203722,3.1024667931689267
USDARS_otc,BOS_Confluence_Bull,2,57,0.7017543859649122,40,7,3.0372863012061817,11.596491228069203
USDPKR_otc,CHoCH_Reversal_Bull,5,977,0.7011258955987717,685,275,0.15160172293476065,0.29539406345962493
USDDZD_otc,NY_KZ_CHoCH_Bear,5,110,0.7,77,32,0.14705979407331357,0.6309090909090287
BRLUSD_otc,ICT_LondonOpen_WithAsian,5,30,0.7,21,9,1.2094637906683634,-11.300000000000102
USDDZD_otc,ICT_LondonOpen_WithAsian,3,30,0.7,21,8,0.14655847347373344,0.14333333333325982
USDDZD_otc,ICT_LondonOpen_WithAsian,5,30,0.7,21,9,0.14655847347373344,1.4066666666668464
USDDZD_otc,CHoCH_Reversal_Bear,3,1014,0.6992110453648915,709,251,0.14309782321622225,0.46637080867852754
USDPKR_otc,CHoCH_Reversal_Bear,3,977,0.6990788126919141,683,216,0.1423341390488538,0.7548618219038569
USDPKR_otc,NY_KZ_CHoCH_Bear,3,125,0.696,87,28,0.12728865494556169,0.8944000000005417
BRLUSD_otc,CHoCH_Reversal_Bear,3,1054,0.6935483870967742,731,248,0.9970102703375231,3.4079696394687087
USDDZD_otc,SMC_Triple_Bull(OB+Sweep),3,88,0.6931818181818182,61,22,0.12125959416143675,0.3784090909093475
USDDZD_otc,SMC_Triple_Bull(OB+Sweep),5,88,0.6931818181818182,61,25,0.12125959416143675,0.1125000000001819
USDPKR_otc,BB_Squeeze_Breakout_Bear,5,81,0.691358024691358,56,24,0.10948951594165943,0.6975308641975281
USDDZD_otc,NY_KZ_CHoCH_Bear,3,110,0.6909090909090909,76,32,0.1069525775078646,0.4745454545453175
USDDZD_otc,NY_KZ_CHoCH_Bull,2,113,0.6902654867256637,78,17,0.10501090703512976,0.6230088495574535
USDARS_otc,CHoCH_Reversal_Bull,5,1117,0.6893464637421666,770,326,1.9023783561417773,14.95702775290983
USDARS_otc,CHoCH_Reversal_Bear,3,1117,0.6884512085944494,769,269,1.8466770979940021,6.09042076991918
USDPKR_otc,BOS_Continuation_Bear,2,4857,0.6882849495573399,3343,721,0.0953474042030791,0.7740786493721
BRLUSD_otc,BOS_Confluence_Bear,3,67,0.6865671641791045,46,14,0.7570529602984539,1.1791044776118356
USDDZD_otc,CHoCH_Reversal_Bull,3,1014,0.6863905325443787,696,246,0.08674231617715322,0.43165680473372037
USDARS_otc,BB_Squeeze_Breakout_Bull,5,79,0.6835443037974683,54,24,1.4141240604385792,6.455696202531531
USDPKR_otc,Confluence_Bear,5,499,0.6833667334669339,341,141,0.07828925225365771,0.06973947895794126
BRLUSD_otc,SMC_Triple_Bull(OB+Sweep),5,82,0.6829268292682927,56,23,0.6321952892309057,12.34146341463417
USDDZD_otc,BOS_Continuation_Bear,2,4425,0.6813559322033899,3015,674,0.06479013704705698,0.7169265536723325
BRLUSD_otc,NY_KZ_CHoCH_Bull,5,116,0.6810344827586207,79,35,0.5283207785678293,3.6293103448277217
USDPKR_otc,NY_KZ_CHoCH_Bull,2,116,0.6810344827586207,79,19,0.06218328660943717,0.537931034483073
BRLUSD_otc,BB_Squeeze_Breakout_Bear,5,78,0.6794871794871795,53,25,0.46883832445237805,-1.384615384615309
USDDZD_otc,ICT_PowerOf3_Bull,5,280,0.6785714285714286,190,87,0.052930822914573065,0.25499999999998935
USDARS_otc,NY_KZ_CHoCH_Bear,5,146,0.678082191780822,99,43,0.9747284440214907,8.321917808220174
USDDZD_otc,London_KZ_Sweep_Bull,3,146,0.678082191780822,99,40,0.050100787314812684,0.48356164383582295
USDDZD_otc,BB_Squeeze_Breakout_Bear,3,71,0.676056338028169,48,21,0.04134532424786042,-0.1309859154928226
USDDZD_otc,BB_Squeeze_Breakout_Bear,5,71,0.676056338028169,48,22,0.04134532424786042,0.7507042253522945
USDARS_otc,BOS_Confluence_Bear,3,80,0.675,54,18,0.7176129662600728,11.07500000000016
USDARS_otc,BOS_Confluence_Bear,5,80,0.675,54,22,0.7176129662600728,4.850000000000705
USDPKR_otc,CHoCH_Reversal_Bull,3,977,0.6745138178096213,659,244,0.03452316462870785,0.35066530194474493
USDDZD_otc,Confluence_Bull,5,522,0.6743295019157088,352,162,0.03515684712499419,0.25325670498088154
USDPKR_otc,BOS_Continuation_Bull,2,4692,0.6741261722080136,3163,709,0.033178906026268246,0.6820758738277571
BRLUSD_otc,BOS_Continuation_Bear,2,4515,0.6739756367663344,3043,637,0.27351167999881676,6.3109634551494995
BRLUSD_otc,London_KZ_Sweep_Bull,5,189,0.671957671957672,127,61,0.19774655872649877,2.6878306878307296
USDDZD_otc,LiquiditySweep_Bear,5,1333,0.6714178544636159,895,418,0.02123950829214812,0.08327081770438662
USDARS_otc,BOS_Continuation_Bull,2,5082,0.6713892168437623,3412,775,0.3972201123767046,12.305785123966807
BRLUSD_otc,BOS_Continuation_Bull,2,4885,0.6712384851586489,3279,720,0.169895540291529,6.444831115660205
USDDZD_otc,BOS_Continuation_Bull,2,5265,0.6710351377018043,3533,770,0.019713789729287338,0.7184235517568895
BRLUSD_otc,SMC_Triple_Bull(OB+Sweep),3,82,0.6707317073170732,55,21,0.15804882230772752,0.7926829268291803
USDDZD_otc,BOS_Confluence_Bear,2,88,0.6704545454545454,59,13,0.01687156066682115,0.34318181818206805
USDARS_otc,LiquiditySweep_Bull,5,1401,0.668807994289793,937,437,0.18163410570791774,1.8779443254819246
BRLUSD_otc,CHoCH_Reversal_Bull,3,1054,0.6669829222011385,703,268,0.011770668974090516,2.142314990512347
USDARS_otc,London_KZ_Sweep_Bull,5,165,0.6666666666666666,110,54,-3.1477462331558284e-15,-3.818181818180826
USDARS_otc,SMC_Triple_Bull(OB+Sweep),5,87,0.6666666666666666,58,27,-3.242155079648038e-15,-1.5632183908052668
USDDZD_otc,BOS_Confluence_Bull,3,78,0.6666666666666666,52,17,-1.6863556756639963e-16,0.4807692307693765
BRLUSD_otc,ICT_LondonOpen_WithAsian,2,30,0.6666666666666666,20,7,-1.3427745478504393e-15,2.700000000000016
BRLUSD_otc,ICT_LondonOpen_WithAsian,3,30,0.6666666666666666,20,9,-1.3427745478504393e-15,-6.466666666666565
USDARS_otc,ICT_LondonOpen_WithAsian,5,30,0.6666666666666666,20,9,-3.0807201120894954e-15,-0.4666666666647264
USDARS_otc,ICT_NYOpen_WithAsian,5,30,0.6666666666666666,20,9,-3.1163019998609662e-15,1.5000000000009095
USDARS_otc,RecurringMinute_Bull,5,30,0.6666666666666666,20,10,-3.1548400472701585e-15,5.733333333333424
USDDZD_otc,ICT_LondonOpen_WithAsian,2,30,0.6666666666666666,20,7,-1.6271259170445432e-16,0.01333333333320752
USDDZD_otc,ICT_NYOpen_WithAsian,5,30,0.6666666666666666,20,8,-1.6442227455832206e-16,0.9966666666665939
USDPKR_otc,RecurringMinute_Bull,3,30,0.6666666666666666,20,10,-1.5844478721295385e-16,0.16666666666651508
USDPKR_otc,RecurringMinute_Bull,5,30,0.6666666666666666,20,10,-1.5844478721295385e-16,-0.1533333333336865
USDARS_otc,BOS_Continuation_Bear,2,4585,0.6654307524536532,3051,742,-0.10477685769796982,13.60479825517971
USDARS_otc,CHoCH_Reversal_Bull,3,1117,0.6624888093106536,740,292,-0.3504381182366395,8.869292748432912
BRLUSD_otc,Confluence_Bear,5,522,0.6609195402298851,345,157,-0.2263190500255615,0.8908045977010772
USDDZD_otc,Confluence_Bear,5,495,0.6606060606060606,327,155,-0.028588152921161424,0.25212121212131927
USDPKR_otc,SMC_Triple_Bull(OB+Sweep),5,82,0.6585365853658537,54,27,-0.03743400558442344,0.38170731707294836
USDDZD_otc,FVG_BullOnly,5,5756,0.6580958999305073,3788,1883,-0.03863000645743303,0.13227936066710336
BRLUSD_otc,RSI_Divergence_Bull,5,3878,0.6570397111913358,2548,1285,-0.3553409472443525,0.14878803506962712
USDARS_otc,Confluence_Bull,5,475,0.6568421052631579,312,149,-0.8668736746711057,-2.1768421052631406
USDDZD_otc,RSI_Divergence_Bull,5,4057,0.6566428395366034,2664,1339,-0.04387641792006346,-0.17406950948977806
USDARS_otc,RSI_Divergence_Bear,5,3775,0.6558940397350993,2476,1229,-0.9002497630724196,-5.576423841059591
BRLUSD_otc,NY_KZ_CHoCH_Bull,3,116,0.6551724137931034,76,32,-0.42265662285426503,5.172413793103595
USDDZD_otc,RSI_Divergence_Bear,5,4257,0.6549213060840968,2788,1423,-0.05166375654799008,-0.27361992013155
BRLUSD_otc,NY_KZ_CHoCH_Bear,2,113,0.6548672566371682,74,19,-0.43987735007939405,7.707964601769929
USDPKR_otc,OrderBlock_BearOnly,5,2372,0.6547217537942664,1553,772,-0.054262104433331015,0.14093591905564998
USDPKR_otc,BB_Squeeze_Breakout_Bear,3,81,0.654320987654321,53,20,-0.05474475797082971,0.3814814814812328
USDPKR_otc,BOS_Confluence_Bear,2,78,0.6538461538461539,51,11,-0.05969442228095144,0.5423076923079133
USDDZD_otc,LiquiditySweep_Bull,5,1364,0.6532258064516129,891,462,-0.05939254246059549,0.11788856304988075
USDPKR_otc,RSI_Divergence_Bear,5,3902,0.6519733470015376,2544,1296,-0.06481238647080818,-0.05976422347516847
USDPKR_otc,FVG_BearOnly,5,5707,0.651831084632907,3720,1895,-0.06587770738803049,-0.03947783423865404
BRLUSD_otc,RSI_Divergence_Bear,5,3747,0.6517213771016813,2442,1249,-0.5481890585244967,0.24713103816388002
USDPKR_otc,ICT_PowerOf3_Bear,5,195,0.6512820512820513,127,62,-0.07301891393700605,0.3194871794871163
USDDZD_otc,SMC_Triple_Bear(OB+Sweep),5,83,0.6506024096385542,54,28,-0.07329047969072486,0.48313253012022056
BRLUSD_otc,LiquiditySweep_Bear,5,1312,0.6501524390243902,853,438,-0.6120245513032236,-2.2591463414634374
USDDZD_otc,ICT_PowerOf3_Bull,3,280,0.65,182,78,-0.074103152080402,0.2025000000000635
USDARS_otc,LiquiditySweep_Bear,5,1471,0.6498980285520054,956,495,-1.4108575998098944,5.044187627464391
USDDZD_otc,CHoCH_Reversal_Bear,2,1014,0.6489151873767258,658,195,-0.07805335811793944,0.4278106508876154
USDDZD_otc,OrderBlock_BearOnly,5,2329,0.6487762988407042,1511,777,-0.08122805338612481,-0.08707599828252066
USDPKR_otc,Confluence_Bull,5,495,0.6484848484848484,321,164,-0.08249914598038378,0.12161616161608775
USDARS_otc,RSI_Divergence_Bull,5,4119,0.6482155863073562,2670,1388,-1.5533194478256807,-5.509589706239177
USDARS_otc,ICT_PowerOf3_Bear,5,324,0.6481481481481481,210,109,-1.576685216779808,-3.3086419753085803
USDPKR_otc,LiquiditySweep_Bull,5,1366,0.6471449487554904,884,462,-0.0858843558366589,0.09721815519760975
USDPKR_otc,OrderBlock_BullOnly,5,2346,0.6470588235294118,1518,766,-0.08924185826243251,0.0434782608695281
BRLUSD_otc,FVG_BearOnly,5,5596,0.6459971408148678,3615,1892,-0.7754382785680233,-0.2843102215868629
USDARS_otc,BB_Squeeze_Breakout_Bull,3,79,0.6455696202531646,51,23,-1.7676550755482265,0.025316455695891693
USDARS_otc,FVG_BearOnly,5,5667,0.6453149814716781,3657,1915,-1.8213979781902785,-4.127051349920874
USDPKR_otc,LiquiditySweep_Bear,5,1404,0.6452991452991453,906,477,-0.0953018868388523,0.09166666666672581
USDARS_otc,OrderBlock_BullOnly,5,2349,0.644955300127714,1515,787,-1.8886677786496728,0.6113239676458992
USDARS_otc,NY_KZ_CHoCH_Bear,3,146,0.6438356164383562,94,42,-1.949456888042972,8.404109589039837
USDDZD_otc,FVG_BearOnly,5,5615,0.643633125556545,3614,1915,-0.1021173179318563,-0.1248797862867345
USDDZD_otc,OrderBlock_BullOnly,5,2294,0.6421098517872711,1473,784,-0.1126894463080668,0.03622493461202471
BRLUSD_otc,OrderBlock_BearOnly,5,2362,0.6418289585097375,1516,806,-0.9482155193782857,-0.9292972057578356
BRLUSD_otc,FVG_BullOnly,5,5644,0.6417434443656981,3622,1922,-0.9328002184963969,0.3038625088589513
BRLUSD_otc,OrderBlock_BullOnly,5,2347,0.6416702172986791,1506,806,-0.9588631641822306,-0.4725181082232497
USDPKR_otc,FVG_BullOnly,5,5600,0.6414285714285715,3592,1888,-0.11245203158593994,-0.14839285714287445
USDARS_otc,London_KZ_Sweep_Bear,5,170,0.6411764705882353,109,58,-2.1662056228383317,9.964705882353508
USDARS_otc,OrderBlock_BearOnly,5,2418,0.6410256410256411,1550,812,-2.2316033412021508,-3.1588089330026645
USDPKR_otc,BOS_Confluence_Bull,5,75,0.64,48,26,-0.11886005950785929,0.018666666666983172
USDPKR_otc,Confluence_Bear,3,499,0.6392785571142284,319,131,-0.12839437369599865,0.045691382765635315
USDDZD_otc,SMC_Triple_Bear(OB+Sweep),3,83,0.6385542168674698,53,25,-0.12825833945876863,0.5120481927709953
BRLUSD_otc,CHoCH_Reversal_Bear,2,1054,0.6385199240986718,673,193,-1.0439284007063447,3.0910815939279357
USDPKR_otc,RSI_Divergence_Bull,5,4427,0.6381296589112265,2825,1539,-0.1245947688036057,-0.014163090128782545
USDDZD_otc,LiquiditySweep_Bear,3,1334,0.6379310344827587,851,381,-0.12847995353227135,0.13905547226383747
USDARS_otc,LiquiditySweep_Bull,3,1401,0.6366880799428979,892,399,-2.5428774799108766,1.5003568879370566
USDARS_otc,FVG_BullOnly,5,5640,0.6361702127659574,3588,1951,-2.589948345124422,-1.2634751773050086
USDDZD_otc,ICT_PowerOf3_Bear,5,283,0.6360424028268551,180,99,-0.13228135689276513,-0.16925795052991957
USDDZD_otc,Confluence_Bull,3,522,0.6360153256704981,332,141,-0.14062738849997605,0.21628352490428354
BRLUSD_otc,Confluence_Bull,5,513,0.6354775828460039,326,178,-1.2081287960334903,-2.5730994152047666
BRLUSD_otc,London_KZ_Sweep_Bull,3,189,0.6349206349206349,120,59,-1.1864793523589898,2.4867724867724905
USDPKR_otc,SMC_Triple_Bear(OB+Sweep),5,93,0.6344086021505376,59,29,-0.14967653744426934,-0.27849462365592964
BRLUSD_otc,ICT_NYOpen_WithAsian,3,30,0.6333333333333333,19,10,-1.2491546645216494,-2.1333333333337094
BRLUSD_otc,ICT_NYOpen_WithAsian,5,30,0.6333333333333333,19,11,-1.2491546645216494,-7.866666666666947
USDARS_otc,ICT_LondonOpen_WithAsian,3,30,0.6333333333333333,19,8,-2.7748659897678114,-3.7333333333314536
USDARS_otc,ICT_NYOpen_WithAsian,3,30,0.6333333333333333,19,9,-2.806915305069558,-0.5333333333328483
USDDZD_otc,ICT_NYOpen_WithAsian,3,30,0.6333333333333333,19,7,-0.14809841888645386,0.9966666666664045
USDDZD_otc,RecurringMinute_Bull,5,30,0.6333333333333333,19,11,-0.14625963072600723,-0.3466666666665219
USDARS_otc,London_KZ_Sweep_Bull,3,165,0.6303030303030303,104,49,-3.092986639133998,-2.2060606060599777
USDDZD_otc,CHoCH_Reversal_Bull,2,1014,0.6301775147928994,639,198,-0.16047328492773386,0.3645956607495156
USDARS_otc,LiquiditySweep_Bear,3,1472,0.6283967391304348,925,446,-3.220018911490556,4.815896739130519
BRLUSD_otc,LiquiditySweep_Bull,5,1372,0.6275510204081632,861,489,-1.4516843060754951,0.036443148688023785
USDDZD_otc,London_KZ_Sweep_Bear,5,182,0.6263736263736264,114,67,-0.1782437053494057,0.13846153846151246
USDPKR_otc,ICT_PowerOf3_Bear,3,195,0.6256410256410256,122,53,-0.19471710383201637,0.045641025641141544
USDDZD_otc,BB_Squeeze_Breakout_Bull,5,72,0.625,45,26,-0.18402593638880108,-0.866666666666739
USDDZD_otc,RSI_Divergence_Bear,3,4257,0.6234437397228095,2654,1297,-0.19012262409660396,-0.33323937044869284
BRLUSD_otc,RSI_Divergence_Bull,3,3878,0.6232594120680763,2417,1143,-1.6022069496285554,-0.15652398143371477
USDPKR_otc,London_KZ_Sweep_Bear,5,183,0.6229508196721312,114,65,-0.19357390429998347,0.29617486338808774
USDDZD_otc,RSI_Divergence_Bull,3,4057,0.6228740448607345,2527,1206,-0.19168959632290042,-0.11289129898939364
USDDZD_otc,FVG_BullOnly,3,5756,0.6224808895066019,3583,1702,-0.19915334410149635,0.10456914523972621
USDPKR_otc,SMC_Triple_Bull(OB+Sweep),3,82,0.6219512195121951,51,24,-0.20588703071432968,0.14999999999957242
USDARS_otc,CHoCH_Reversal_Bear,2,1117,0.6204118173679498,693,219,-3.921026714918777,8.73679498657124
USDARS_otc,ICT_PowerOf3_Bear,3,324,0.6203703703703703,201,100,-3.9417130419495203,-0.48456790123454824
USDDZD_otc,Confluence_Bear,3,495,0.6202020202020202,307,142,-0.21917583906223886,0.10161616161622193
USDARS_otc,RSI_Divergence_Bear,3,3775,0.6201324503311259,2341,1128,-3.8887838126160914,-3.565033112582768
USDDZD_otc,BB_Squeeze_Breakout_Bear,2,71,0.6197183098591549,44,18,-0.2067266212393026,-0.20563380281692253
USDPKR_otc,BB_Squeeze_Breakout_Bull,5,71,0.6197183098591549,44,26,-0.20625828967733115,0.24647887323961276
USDARS_otc,Confluence_Bull,3,475,0.6189473684210526,294,135,-4.210529276973946,-4.353684210526042
USDPKR_otc,Confluence_Bull,3,495,0.6181818181818182,306,147,-0.21999772261435632,0.13757575757571971
USDDZD_otc,LiquiditySweep_Bull,3,1364,0.6180351906158358,843,410,-0.2148930172665178,0.006451612903242026
USDPKR_otc,RSI_Divergence_Bear,3,3902,0.6173757047667863,2409,1186,-0.21742294763753622,-0.010302409021020354
USDPKR_otc,CHoCH_Reversal_Bear,2,977,0.617195496417605,603,178,-0.21724684381140788,0.4793244626407711
USDPKR_otc,FVG_BearOnly,3,5707,0.6167864026633958,3520,1732,-0.22149433901329948,-0.045487997196379686
BRLUSD_otc,RecurringMinute_Bear,5,60,0.6166666666666667,37,22,-1.7962417284557537,-1.0500000000002172
USDPKR_otc,ICT_PowerOf3_Bull,5,326,0.6165644171779141,201,119,-0.21691309148861154,-0.4398773006134526
USDPKR_otc,NY_KZ_CHoCH_Bear,2,125,0.616,77,24,-0.21986222217869783,0.4280000000004748
BRLUSD_otc,Confluence_Bear,3,523,0.615678776290631,322,137,-2.0076605846593147,1.5965583173995785
USDDZD_otc,BOS_Confluence_Bull,2,78,0.6153846153846154,48,10,-0.23368217823183046,0.3910256410257955
BRLUSD_otc,BOS_Confluence_Bull,3,65,0.6153846153846154,40,15,-1.9353328504757936,-0.7384615384615933
USDARS_otc,FVG_BearOnly,3,5667,0.6153167460737604,3487,1743,-4.3803868731683435,-0.8480677607200584
BRLUSD_otc,RSI_Divergence_Bear,3,3747,0.615158793701628,2305,1139,-1.8892944338433522,0.3496130237523589
BRLUSD_otc,LiquiditySweep_Bear,3,1312,0.6150914634146342,807,389,-1.9113997525316047,-1.5358231707317356
USDARS_otc,NY_KZ_CHoCH_Bull,5,148,0.6148648648648649,91,52,-4.414026086802916,3.162162162162359
USDDZD_otc,FVG_BearOnly,3,5615,0.6146037399821905,3451,1733,-0.23081672120164418,0.010810329474642796
USDARS_otc,RSI_Divergence_Bull,3,4119,0.6144695314396699,2531,1261,-4.39425896424371,-3.9529011896090447
USDARS_otc,Confluence_Bear,5,564,0.6134751773049646,346,202,-4.7061504225474975,1.5762411347515892
USDPKR_otc,BOS_Confluence_Bull,3,75,0.6133333333333333,46,23,-0.2377201190157189,0.12266666666664605
USDDZD_otc,OrderBlock_BearOnly,3,2329,0.6131386861313869,1428,704,-0.24303433573128583,-0.012580506655220765
USDPKR_otc,OrderBlock_BearOnly,3,2372,0.6125632377740303,1453,702,-0.24577541419802898,0.14392917369303754
USDARS_otc,BOS_Confluence_Bear,2,80,0.6125,49,13,-4.664484280690444,7.087499999999807
USDDZD_otc,ICT_PowerOf3_Bear,3,283,0.6113074204946997,173,91,-0.23912399130615203,0.011660777385224731
USDPKR_otc,LiquiditySweep_Bear,3,1404,0.6111111111111112,858,437,-0.2477849057810162,0.0706552706552477
USDPKR_otc,FVG_BullOnly,3,5600,0.6092857142857143,3412,1706,-0.2556692416246372,-0.09089285714290238
USDARS_otc,SMC_Triple_Bull(OB+Sweep),3,87,0.6091954022988506,53,24,-5.034954623648365,1.8620689655158091
USDDZD_otc,NY_KZ_CHoCH_Bear,2,110,0.6090909090909091,67,22,-0.2540123715811782,0.27818181818185456
BRLUSD_otc,FVG_BearOnly,3,5596,0.6088277340957827,3407,1699,-2.1698863645232045,0.14385275196567515
USDDZD_otc,OrderBlock_BullOnly,3,2295,0.608714596949891,1397,690,-0.2659644335507618,-0.012156862745085496
USDPKR_otc,OrderBlock_BullOnly,3,2346,0.6078431372549019,1426,694,-0.2677255747872982,-0.0025575447570987658
USDPKR_otc,LiquiditySweep_Bull,3,1366,0.6076134699853587,830,423,-0.2598001764058927,-0.0011713030748384547
USDARS_otc,OrderBlock_BearOnly,3,2418,0.6071133167907361,1468,731,-5.183078727953396,1.5740281224149255
BRLUSD_otc,FVG_BullOnly,3,5644,0.6061304039688165,3421,1722,-2.2656877344995414,0.011516654854717225
USDPKR_otc,CHoCH_Reversal_Bull,2,977,0.6059365404298874,592,192,-0.2671792740830438,0.3673490276356482
USDARS_otc,OrderBlock_BullOnly,3,2349,0.6057896977437207,1423,716,-5.295676320527526,0.6866751809281753
BRLUSD_otc,OrderBlock_BearOnly,3,2362,0.6054191363251482,1430,717,-2.338213269376001,-0.13378492802707595
USDPKR_otc,RSI_Divergence_Bull,3,4429,0.6046511627906976,2678,1394,-0.2707643319616286,0.0007676676450407529
BRLUSD_otc,London_KZ_Sweep_Bear,5,179,0.6033519553072626,108,68,-2.336399051144311,-6.0614525139665085
BRLUSD_otc,London_KZ_Sweep_Bull,2,189,0.6031746031746031,114,50,-2.3729587047179783,1.6613756613755866
BRLUSD_otc,BB_Squeeze_Breakout_Bear,3,78,0.6025641025641025,47,23,-2.3441916222618864,0.3974358974359754
USDDZD_otc,SMC_Triple_Bear(OB+Sweep),2,83,0.6024096385542169,50,20,-0.29316191876289893,0.19277108433713983
USDARS_otc,FVG_BullOnly,3,5640,0.6021276595744681,3396,1747,-5.48105347456563,-0.23918439716319329
BRLUSD_otc,OrderBlock_BullOnly,3,2348,0.6013628620102215,1412,708,-2.50501851452962,-0.3675468483816099
USDARS_otc,London_KZ_Sweep_Bear,3,170,0.6,102,54,-5.665460859731035,4.0941176470588445
BRLUSD_otc,RecurringMinute_Bear,2,60,0.6,36,13,-2.39498897127434,-2.8833333333334874
BRLUSD_otc,RecurringMinute_Bear,3,60,0.6,36,19,-2.39498897127434,-3.8000000000000993
USDDZD_otc,RecurringMinute_Bull,2,30,0.6,18,10,-0.2925192614520143,-0.2400000000000091
USDDZD_otc,RecurringMinute_Bull,3,30,0.6,18,11,-0.2925192614520143,-0.720000000000122
USDPKR_otc,RecurringMinute_Bull,2,30,0.6,18,10,-0.2854287538604227,-0.12333333333306958
USDARS_otc,SMC_Triple_Bear(OB+Sweep),5,97,0.5979381443298969,58,37,-6.364909672550811,-13.3402061855673
BRLUSD_otc,SMC_Triple_Bull(OB+Sweep),2,82,0.5975609756097561,49,20,-2.686829979231342,0.560975609755881
BRLUSD_otc,CHoCH_Reversal_Bull,2,1054,0.5967741935483871,629,218,-2.6013178432739337,1.4335863377608915
BRLUSD_otc,Confluence_Bull,3,513,0.5964912280701754,306,155,-2.718289791075352,-0.8596491228071355
USDARS_otc,CHoCH_Reversal_Bull,2,1117,0.5962399283795882,666,243,-5.907385421703402,7.2614145031334045
USDARS_otc,NY_KZ_CHoCH_Bear,2,146,0.5958904109589042,87,31,-6.043316352933214,6.561643835616077
USDDZD_otc,London_KZ_Sweep_Bull,2,146,0.5958904109589042,87,29,-0.3106248813518372,0.15616438356174708
USDDZD_otc,LiquiditySweep_Bear,2,1334,0.5944527736131934,793,322,-0.3228757093115348,0.1368065967016249
USDPKR_otc,London_KZ_Sweep_Bull,5,189,0.5925925925925926,112,76,-0.321358773623297,-0.43492063492078675
BRLUSD_otc,ICT_PowerOf3_Bear,5,211,0.5924170616113744,125,77,-3.0689499987304654,4.232227488151664
USDARS_otc,LiquiditySweep_Bull,2,1401,0.5910064239828694,828,323,-6.417738401679821,1.7373304782297487
USDDZD_otc,SMC_Triple_Bull(OB+Sweep),2,88,0.5909090909090909,52,16,-0.3464559833183899,0.4125000000002579
USDARS_otc,ICT_PowerOf3_Bull,5,100,0.59,59,38,-6.455741260644218,2.2737367544323206e-13
USDPKR_otc,Confluence_Bear,2,499,0.5891783567134269,294,100,-0.36326213045697126,0.22725450901811872
USDARS_otc,NY_KZ_CHoCH_Bull,3,148,0.5878378378378378,87,46,-6.716996219047922,-1.7905405405421384
BRLUSD_otc,LiquiditySweep_Bull,3,1372,0.5860058309037901,804,460,-2.993535339236422,-0.3265306122449252
USDPKR_otc,SMC_Triple_Bull(OB+Sweep),2,82,0.5853658536585366,48,21,-0.3743400558442359,0.09268292682880966
USDPKR_otc,London_KZ_Sweep_Bear,3,183,0.5846994535519126,107,61,-0.3629510705624693,-0.32240437158465474
USDDZD_otc,London_KZ_Sweep_Bear,3,182,0.5824175824175825,106,60,-0.37269138391239354,0.2521978021978508
BRLUSD_otc,ICT_PowerOf3_Bull,5,237,0.5822784810126582,138,92,-3.394759062183573,-5.206751054852422
USDARS_otc,BB_Squeeze_Breakout_Bull,2,79,0.5822784810126582,46,22,-7.070620302192906,3.6329113924052128
BRLUSD_otc,BOS_Confluence_Bear,2,67,0.582089552238806,39,9,-3.2174750812684314,1.5671641791042223
BRLUSD_otc,London_KZ_Sweep_Bear,3,179,0.5810055865921788,104,57,-3.16101048095995,-3.3351955307263514
USDPKR_otc,SMC_Triple_Bear(OB+Sweep),3,93,0.5806451612903226,54,28,-0.39913743318471795,-0.22365591397882909
USDDZD_otc,ICT_PowerOf3_Bull,2,280,0.5785714285714286,162,62,-0.3916880895678394,0.08142857142862527
USDARS_otc,Confluence_Bear,3,564,0.5780141843971631,326,179,-7.843584037579171,1.292553191489073
BRLUSD_otc,NY_KZ_CHoCH_Bull,2,116,0.5775862068965517,67,25,-3.275588827120548,4.301724137931006
USDARS_otc,SMC_Triple_Bear(OB+Sweep),3,97,0.5773195876288659,56,29,-8.274382574316059,-0.05154639175253044
USDARS_otc,SMC_Triple_Bull(OB+Sweep),2,87,0.5747126436781609,50,18,-8.05592739783739,4.367816091953187
USDDZD_otc,Confluence_Bull,2,522,0.5727969348659003,299,111,-0.43067137728117744,0.18237547892715916
BRLUSD_otc,ICT_PowerOf3_Bear,3,211,0.5687203791469194,120,71,-4.048402125984871,-0.7630331753553589
USDDZD_otc,BOS_Confluence_Bear,1,88,0.5681818181818182,50,7,-0.43866057733735436,0.4818181818184154
USDPKR_otc,BB_Squeeze_Breakout_Bear,2,81,0.5679012345679012,46,18,-0.43795806376663854,0.21111111111110156
USDDZD_otc,Confluence_Bear,2,495,0.5676767676767677,281,115,-0.46693983104563935,0.050505050505125146
USDPKR_otc,ICT_PowerOf3_Bull,3,326,0.5674846625766872,185,109,-0.4293993851917409,-0.2990797546011642
USDDZD_otc,RSI_Divergence_Bear,2,4257,0.5670660089264741,2414,1066,-0.4381086555269572,-0.3522198731501163
USDARS_otc,RSI_Divergence_Bear,2,3775,0.5668874172185431,2140,936,-8.338378953047787,-2.3928476821191724
USDARS_otc,ICT_LondonOpen_WithAsian,2,30,0.5666666666666667,17,6,-8.324597969303428,7.700000000001334
USDARS_otc,ICT_NYOpen_WithAsian,2,30,0.5666666666666667,17,7,-8.420745915208668,6.099999999999757
USDARS_otc,RecurringMinute_Bull,2,30,0.5666666666666667,17,7,-8.524881876779643,5.7000000000008795
USDARS_otc,RecurringMinute_Bull,3,30,0.5666666666666667,17,9,-8.524881876779643,1.899999999998272
USDDZD_otc,ICT_LondonOpen_WithAsian,1,30,0.5666666666666667,17,5,-0.43967542042120095,0.4100000000002524
USDDZD_otc,ICT_NYOpen_WithAsian,2,30,0.5666666666666667,17,5,-0.4442952566593612,0.696666666666772
USDPKR_otc,ICT_NYOpen_WithAsian,5,30,0.5666666666666667,17,13,-0.4497880650215529,1.009999999999991
USDARS_otc,LiquiditySweep_Bear,2,1472,0.5658967391304348,833,370,-8.478748021380463,-0.036684782608554165
USDPKR_otc,Confluence_Bull,2,495,0.5656565656565656,280,118,-0.45832858877990895,0.06040404040405896
USDPKR_otc,ICT_PowerOf3_Bear,2,195,0.5641025641025641,110,42,-0.4867927595800409,0.11076923076935156
USDDZD_otc,RSI_Divergence_Bull,2,4057,0.5634705447374908,2286,987,-0.45171131891475164,-0.09228493961053776
USDPKR_otc,BB_Squeeze_Breakout_Bull,3,71,0.5633802816901409,40,24,-0.45376823729012794,0.1478873239438477
USDDZD_otc,FVG_BullOnly,2,5757,0.5627931214174049,3240,1383,-0.468192886987019,0.08242140003473596
BRLUSD_otc,RSI_Divergence_Bull,2,3878,0.5626611655492522,2182,941,-3.8389513050505997,-0.12222795255285925
USDPKR_otc,RSI_Divergence_Bear,2,3902,0.5625320348539211,2195,986,-0.45933894830183114,-0.010251153254737662
BRLUSD_otc,Confluence_Bear,2,523,0.5621414913957935,294,110,-4.115704198551593,1.5583173996175141
USDDZD_otc,OrderBlock_BearOnly,2,2329,0.5620437956204379,1309,570,-0.475021656202059,0.022799484757399544
USDARS_otc,ICT_PowerOf3_Bear,2,324,0.5617283950617284,182,85,-8.934549561752238,-0.8395061728398655
USDPKR_otc,BOS_Confluence_Bull,2,75,0.56,42,16,-0.47544023803143715,0.066666666666985
USDARS_otc,FVG_BearOnly,2,5667,0.5599082406917241,3173,1425,-9.10698989095137,0.1307570142932422
USDPKR_otc,FVG_BearOnly,2,5707,0.5587874540038549,3189,1456,-0.47903986435311946,0.006868757666032077
USDPKR_otc,LiquiditySweep_Bear,2,1404,0.5584045584045584,784,358,-0.4828628933168526,0.06937321937313766
USDDZD_otc,ICT_PowerOf3_Bear,2,283,0.558303886925795,158,81,-0.46807249362055314,0.08374558303886741
USDPKR_otc,LiquiditySweep_Bull,2,1366,0.5578330893118595,762,348,-0.47880528378937226,0.03587115666171616
USDARS_otc,RSI_Divergence_Bull,2,4119,0.5576596261228454,2297,1029,-9.17684779044385,-2.473901432386377
USDARS_otc,London_KZ_Sweep_Bull,2,165,0.5575757575757576,92,36,-9.278959917401979,0.07272727272734439
BRLUSD_otc,BB_Squeeze_Breakout_Bull,5,70,0.5571428571428572,39,30,-4.053623391790683,-9.742857142857096
USDDZD_otc,FVG_BearOnly,2,5615,0.5570792520035619,3128,1414,-0.4858468270675426,0.010792520035601065
USDPKR_otc,FVG_BullOnly,2,5601,0.556150687377254,3115,1405,-0.4924189269091172,-0.07163006605964642
BRLUSD_otc,RSI_Divergence_Bear,2,3747,0.5559113957832933,2083,918,-4.062472487279746,0.24606351748065694
USDDZD_otc,BB_Squeeze_Breakout_Bull,3,72,0.5555555555555556,40,24,-0.4907358303701361,-0.39583333333336806
USDDZD_otc,LiquiditySweep_Bull,2,1364,0.5535190615835777,755,324,-0.49997722107737586,-0.013049853372410897
BRLUSD_otc,ICT_PowerOf3_Bull,3,237,0.5527426160337553,131,83,-4.582924733947823,-2.2827004219409504
USDPKR_otc,London_KZ_Sweep_Bear,2,183,0.5519125683060109,101,52,-0.5081314987874571,-0.13442622950837266
USDARS_otc,OrderBlock_BearOnly,2,2418,0.5516956162117452,1334,589,-10.006221433132245,1.376757650951038
USDPKR_otc,RSI_Divergence_Bull,2,4429,0.5513659968390155,2442,1139,-0.5034113550548724,-0.009144276360355459
USDARS_otc,FVG_BullOnly,2,5640,0.550531914893617,3105,1423,-9.862884686374976,0.31790780141823927
BRLUSD_otc,FVG_BearOnly,2,5596,0.550035739814153,3078,1357,-4.375527808173466,-0.21140100071480514
BRLUSD_otc,LiquiditySweep_Bear,2,1312,0.5495426829268293,721,315,-4.340666433089014,-0.7332317073171261
BRLUSD_otc,LiquiditySweep_Bull,2,1372,0.5488338192419825,753,374,-4.37308626364357,-0.2594752186589193
BRLUSD_otc,OrderBlock_BearOnly,2,2362,0.548264182895851,1295,562,-4.520186481581718,0.49999999999998346
USDARS_otc,London_KZ_Sweep_Bear,2,170,0.5470588235294118,93,49,-10.164503307164496,-1.1647058823525507
BRLUSD_otc,FVG_BullOnly,2,5645,0.5470327723649248,3088,1401,-4.477512842007604,-0.572719220549159
USDPKR_otc,OrderBlock_BullOnly,2,2346,0.546462063086104,1282,543,-0.5470913919566524,-0.0614663256607551
USDARS_otc,OrderBlock_BullOnly,2,2349,0.545338441890166,1281,569,-10.554319939512899,0.7386121753941388
USDARS_otc,Confluence_Bull,2,475,0.5452631578947369,259,108,-10.71208183700723,-4.301052631578961
BRLUSD_otc,OrderBlock_BullOnly,2,2348,0.545144804088586,1280,569,-4.661512713994252,-0.12180579216359644
BRLUSD_otc,ICT_PowerOf3_Bear,2,211,0.5450236966824644,115,53,-5.027854253239275,-0.5829383886254254
USDPKR_otc,OrderBlock_BearOnly,2,2372,0.5442664418212478,1291,566,-0.5560269760168395,0.07381956155141083
USDDZD_otc,OrderBlock_BullOnly,2,2295,0.5420479302832244,1244,538,-0.5719235187632923,-0.019869281045763534
BRLUSD_otc,SMC_Triple_Bear(OB+Sweep),5,85,0.5411764705882353,46,34,-5.094293925693678,-7.4235294117647515
USDPKR_otc,London_KZ_Sweep_Bull,3,189,0.5396825396825397,102,67,-0.5509007547827948,-0.41481481481511123
BRLUSD_otc,BOS_Confluence_Bull,2,65,0.5384615384615384,35,13,-4.8383321261894885,-1.3230769230769657
USDPKR_otc,SMC_Triple_Bear(OB+Sweep),2,93,0.5376344086021505,50,20,-0.5987061497770774,-0.0978494623659058
USDPKR_otc,ICT_PowerOf3_Bull,2,326,0.5337423312883436,174,89,-0.5754837121126426,-0.21809815950908432
BRLUSD_otc,ICT_NYOpen_WithAsian,2,30,0.5333333333333333,16,9,-4.996618658086593,-5.533333333333685
USDPKR_otc,ICT_NYOpen_WithAsian,3,30,0.5333333333333333,16,12,-0.5997174200287371,0.6599999999999303
USDDZD_otc,London_KZ_Sweep_Bear,2,182,0.532967032967033,97,50,-0.5914450222957552,0.2439560439559439
USDDZD_otc,NY_KZ_CHoCH_Bull,1,113,0.5309734513274337,60,7,-0.6038127154519969,0.618584070796295
USDARS_otc,ICT_PowerOf3_Bull,3,100,0.53,53,32,-11.508060508104904,-5.419999999999391
BRLUSD_otc,SMC_Triple_Bear(OB+Sweep),3,85,0.5294117647058824,45,29,-5.571883981227458,-6.341176470588306
USDPKR_otc,NY_KZ_CHoCH_Bull,1,116,0.5258620689655172,61,11,-0.6093962087724855,0.39137931034493223
USDARS_otc,SMC_Triple_Bear(OB+Sweep),2,97,0.5257731958762887,51,25,-13.04806482872916,0.6597938144333272
BRLUSD_otc,London_KZ_Sweep_Bear,2,179,0.5251396648044693,94,45,-5.222539055499051,-1.837988826815697
BRLUSD_otc,Confluence_Bull,2,513,0.5243664717348928,269,125,-5.5120876319027925,-1.8576998050682783
USDARS_otc,BB_Squeeze_Breakout_Bear,5,65,0.5230769230769231,34,30,-12.024619478473758,-11.476923076924882
USDARS_otc,Confluence_Bear,2,564,0.5212765957446809,294,149,-12.863477821629838,-1.2375886524827162
USDARS_otc,NY_KZ_CHoCH_Bull,2,148,0.5202702702702703,77,42,-12.474421549660423,-3.6959459459453496
USDPKR_otc,ICT_LondonOpen_WithAsian,3,29,0.5172413793103449,15,10,-0.6578073618414791,0.062068965517341736
USDPKR_otc,ICT_LondonOpen_WithAsian,5,29,0.5172413793103449,15,13,-0.6578073618414791,0.05172413793039941
USDPKR_otc,BOS_Continuation_Bear,1,4857,0.5143092443895408,2498,345,-0.6719721820026543,0.5052913320980241
BRLUSD_otc,BB_Squeeze_Breakout_Bear,2,78,0.5128205128205128,40,16,-5.626059893428526,2.884615384615279
USDPKR_otc,London_KZ_Sweep_Bull,2,189,0.5079365079365079,96,59,-0.6886259434784934,-0.36613756613763015
USDARS_otc,BB_Squeeze_Breakout_Bear,3,65,0.5076923076923077,33,29,-13.312971565453095,-9.969230769231846
USDARS_otc,BOS_Continuation_Bull,1,5082,0.5076741440377804,2580,379,-13.373077116682401,8.533648170011732
BRLUSD_otc,BOS_Continuation_Bear,1,4515,0.5074197120708749,2291,306,-5.959239330883318,4.056035437430781
BRLUSD_otc,BB_Squeeze_Breakout_Bull,3,71,0.5070422535211268,36,25,-5.908215741066751,-6.253521126760445
BRLUSD_otc,ICT_PowerOf3_Bull,2,237,0.5063291139240507,120,74,-6.450042218148788,-2.8143459915611846
USDPKR_otc,BOS_Continuation_Bull,1,4692,0.5042625745950554,2366,342,-0.7223521826290411,0.43273657288999595
USDDZD_otc,BOS_Continuation_Bear,1,4425,0.5001129943502824,2213,319,-0.7346204769797064,0.44522033898307395
USDDZD_otc,CHoCH_Reversal_Bear,1,1014,0.5,507,89,-0.7328343067739863,0.31429980276133396
USDDZD_otc,BB_Squeeze_Breakout_Bull,2,72,0.5,36,22,-0.7361037455552043,-0.6402777777778349
USDPKR_otc,ICT_NYOpen_WithAsian,2,30,0.5,15,9,-0.7496467750359214,0.20999999999977112
USDPKR_otc,RecurringMinute_Bull,1,30,0.5,15,6,-0.7135718846510565,0.23000000000043505
USDDZD_otc,BOS_Continuation_Bull,1,5265,0.4972459639126306,2618,360,-0.7645521929793228,0.4383475783475813
BRLUSD_otc,BOS_Continuation_Bull,1,4885,0.49518935516888435,2419,347,-6.372350638098693,4.0438075742067605
BRLUSD_otc,CHoCH_Reversal_Bear,1,1054,0.49335863377609107,520,94,-6.427783860528959,2.3007590132827267
USDARS_otc,BOS_Continuation_Bear,1,4585,0.48985823336968376,2246,342,-14.989253995380441,8.684841875681444
BRLUSD_otc,NY_KZ_CHoCH_Bear,1,113,0.48672566371681414,55,4,-6.70812958871077,3.7699115044248397
BRLUSD_otc,RecurringMinute_Bear,1,60,0.48333333333333334,29,7,-6.586219671004431,-2.4500000000000437
USDPKR_otc,ICT_LondonOpen_WithAsian,2,29,0.4827586206896552,14,8,-0.8096090607279741,0.08275862068907028
USDDZD_otc,NY_KZ_CHoCH_Bear,1,110,0.4818181818181818,53,12,-0.8155134034974674,0.12727272727258568
USDARS_otc,ICT_PowerOf3_Bull,2,100,0.48,48,25,-15.718326547655483,0.6499999999998636
BRLUSD_otc,BB_Squeeze_Breakout_Bull,2,71,0.4788732394366197,34,21,-6.950842048313824,-3.521126760563264
USDDZD_otc,SMC_Triple_Bull(OB+Sweep),1,88,0.4772727272727273,42,9,-0.866139958295975,0.18636363636381567
USDDZD_otc,BOS_Confluence_Bull,1,78,0.47435897435897434,37,5,-0.8763081683693649,0.31282051282051254
USDPKR_otc,CHoCH_Reversal_Bear,1,977,0.47389969293756395,463,93,-0.8465135638168662,0.3175025588536718
USDDZD_otc,CHoCH_Reversal_Bull,1,1014,0.47337278106508873,480,87,-0.8500746985361037,0.30710059171597115
USDARS_otc,NY_KZ_CHoCH_Bear,1,146,0.4726027397260274,69,16,-16.570383548365275,2.801369863013954
USDPKR_otc,CHoCH_Reversal_Bull,1,977,0.46980552712384854,459,94,-0.8660811300332375,0.24360286591623787
USDARS_otc,CHoCH_Reversal_Bear,1,1117,0.468218442256043,523,106,-16.82246945432893,5.3079677708147806
BRLUSD_otc,ICT_NYOpen_WithAsian,1,30,0.4666666666666667,14,5,-7.4949279871298895,-3.6333333333334514
USDARS_otc,RecurringMinute_Bull,1,30,0.4666666666666667,14,4,-17.049763753559283,4.166666666667425
USDDZD_otc,RecurringMinute_Bull,1,30,0.4666666666666667,14,8,-0.8775577843560426,-0.18333333333335608
USDPKR_otc,BB_Squeeze_Breakout_Bull,2,71,0.4647887323943662,33,19,-0.8869106456125228,-0.08591549295739613
USDPKR_otc,NY_KZ_CHoCH_Bear,1,125,0.464,58,16,-0.8794488887147913,0.3056000000002769
BRLUSD_otc,SMC_Triple_Bull(OB+Sweep),1,82,0.4634146341463415,38,7,-7.902441115386298,0.28048780487802394
USDPKR_otc,SMC_Triple_Bull(OB+Sweep),1,82,0.4634146341463415,38,11,-0.9358501396105895,0.0024390243901862272
BRLUSD_otc,BOS_Confluence_Bear,1,67,0.4626865671641791,31,1,-7.759792843059159,1.65671641791024
USDARS_otc,BB_Squeeze_Breakout_Bear,2,65,0.46153846153846156,30,21,-17.178027826391084,-9.738461538462476
BRLUSD_otc,CHoCH_Reversal_Bull,1,1054,0.452561669829222,477,106,-7.968742895459065,1.0000000000000286
USDDZD_otc,Confluence_Bear,1,495,0.45252525252525255,224,56,-1.0101147365477094,0.07595959595970028
USDPKR_otc,Confluence_Bear,1,499,0.45090180360721444,225,46,-1.0114971391172565,0.2498997995993607
USDDZD_otc,BB_Squeeze_Breakout_Bear,1,71,0.4507042253521127,32,10,-0.9509424577007908,0.012676056338208787
USDARS_otc,BOS_Confluence_Bear,1,80,0.45,36,6,-18.657937122761798,5.037499999999682
BRLUSD_otc,NY_KZ_CHoCH_Bull,1,116,0.4482758620689655,52,10,-8.03047583423102,1.775862068965666
USDARS_otc,ICT_PowerOf3_Bear,1,324,0.44753086419753085,145,39,-18.657441731894387,0.12962962962944155
BRLUSD_otc,SMC_Triple_Bear(OB+Sweep),2,85,0.4470588235294118,38,22,-8.915014369963934,-4.282352941176507
USDARS_otc,BB_Squeeze_Breakout_Bull,1,79,0.4430379746835443,35,12,-18.737143800811207,1.5063291139235442
USDARS_otc,LiquiditySweep_Bull,1,1401,0.44254104211277656,620,168,-19.01103639742891,0.3775874375450141
USDDZD_otc,Confluence_Bull,1,522,0.4425287356321839,231,59,-1.0283377784060763,0.09157088122601718
USDPKR_otc,SMC_Triple_Bear(OB+Sweep),1,93,0.44086021505376344,41,7,-1.0477357621098848,0.09892473118290132
USDDZD_otc,ICT_PowerOf3_Bull,1,280,0.4392857142857143,123,36,-1.010978717668343,0.05678571428574181
USDARS_otc,CHoCH_Reversal_Bull,1,1117,0.4368845120859445,488,118,-19.274096503015333,1.6651745747540205
BRLUSD_otc,Confluence_Bear,1,523,0.4359464627151052,228,58,-9.084664145583394,1.0879541108985757
USDPKR_otc,BOS_Confluence_Bear,1,78,0.4358974358974359,34,5,-1.0744996010571266,0.46538461538505205
USDDZD_otc,LiquiditySweep_Bear,1,1335,0.4352059925093633,581,161,-1.0350287199144967,0.06097378277149673
USDPKR_otc,Confluence_Bull,1,495,0.43434343434343436,215,54,-1.0541557541937903,0.011717171717250632
USDDZD_otc,SMC_Triple_Bear(OB+Sweep),1,83,0.43373493975903615,36,8,-1.0627119555155091,0.10602409638560326
USDARS_otc,ICT_NYOpen_WithAsian,1,30,0.43333333333333335,13,3,-19.648407135486888,4.499999999999697
USDDZD_otc,London_KZ_Sweep_Bull,1,146,0.4315068493150685,63,17,-1.0320762186851373,-0.013698630136837574
USDPKR_otc,ICT_PowerOf3_Bear,1,195,0.4307692307692308,84,18,-1.119623347034094,0.09743589743583797
USDPKR_otc,LiquiditySweep_Bull,1,1366,0.42972181551976574,587,182,-1.0424213689674453,0.061346998535797885
USDDZD_otc,London_KZ_Sweep_Bear,1,182,0.42857142857142855,78,23,-1.0532582588828516,0.15659340659331103
USDPKR_otc,BOS_Confluence_Bull,1,75,0.4266666666666667,32,10,-1.0697405355707337,-0.3786666666664284
USDDZD_otc,RSI_Divergence_Bull,1,4057,0.42568400295785064,1727,527,-1.0548322439307067,-0.040325363569139655
USDARS_otc,RSI_Divergence_Bull,1,4119,0.4243748482641418,1748,543,-20.397536959605702,-0.9157562515173703
USDPKR_otc,London_KZ_Sweep_Bull,1,189,0.42328042328042326,80,29,-1.0558931133336897,-0.15714285714296083
BRLUSD_otc,ICT_PowerOf3_Bear,1,211,0.4218009478672986,89,24,-10.121005314962174,1.0189573459715828
USDPKR_otc,LiquiditySweep_Bear,1,1404,0.42094017094017094,591,178,-1.095971698646803,0.06880341880341534
USDARS_otc,RSI_Divergence_Bear,1,3775,0.4209271523178808,1589,479,-20.536025333037166,-1.3586754966887407
USDARS_otc,LiquiditySweep_Bear,1,1472,0.4205163043478261,619,181,-20.711009211776545,0.34714673913041255
USDPKR_otc,BB_Squeeze_Breakout_Bear,1,81,0.41975308641975306,34,7,-1.094895159416596,0.07530864197542261
USDDZD_otc,RSI_Divergence_Bear,1,4257,0.4190744655860935,1784,550,-1.0890719880316344,-0.17906976744187292
USDPKR_otc,FVG_BearOnly,1,5707,0.41878394953565795,2390,715,-1.100728307696068,0.01350972489922489
USDARS_otc,London_KZ_Sweep_Bear,1,170,0.4176470588235294,71,21,-21.16216262311297,-1.4058823529417703
USDDZD_otc,OrderBlock_BearOnly,1,2329,0.41691713181623014,971,280,-1.1339436252703048,0.05431515671968991
USDPKR_otc,London_KZ_Sweep_Bear,1,183,0.41530054644808745,76,24,-1.1130499497249056,-0.16885245901637655
USDPKR_otc,RSI_Divergence_Bear,1,3902,0.41465914915427987,1618,493,-1.1116077912144398,-0.0044848795489408075
USDPKR_otc,RSI_Divergence_Bull,1,4429,0.4143147437344773,1835,573,-1.1017873847904613,-0.010431248588852412
BRLUSD_otc,RSI_Divergence_Bull,1,3878,0.41387313047962865,1605,461,-9.330872552193235,-0.03532748839608848
USDARS_otc,SMC_Triple_Bull(OB+Sweep),1,87,0.41379310344827586,36,8,-22.153800344052822,0.1954022988493516
BRLUSD_otc,OrderBlock_BearOnly,1,2362,0.4136325148179509,977,276,-9.659945603666294,0.06223539373413501
BRLUSD_otc,RSI_Divergence_Bear,1,3747,0.41313050440352284,1548,469,-9.29963581425484,0.08513477448627074
USDDZD_otc,FVG_BearOnly,1,5615,0.41246660730187,2316,726,-1.1269751427428047,0.0059661620658844365
USDARS_otc,FVG_BearOnly,1,5667,0.41203458620081174,2335,697,-21.72129985560799,-0.02699841185816162
USDDZD_otc,FVG_BullOnly,1,5757,0.4116727462219906,2370,672,-1.1493430737407087,0.02381448671182134
USDARS_otc,OrderBlock_BearOnly,1,2418,0.41149710504549214,995,286,-22.208052605189195,0.38502894954484124
USDDZD_otc,LiquiditySweep_Bull,1,1364,0.4112903225806452,561,169,-1.1284583067513119,-0.020454545454522268
USDARS_otc,FVG_BullOnly,1,5640,0.41117021276595744,2319,683,-21.698346310024935,0.6258865248227427
BRLUSD_otc,BB_Squeeze_Breakout_Bear,1,78,0.41025641025641024,32,6,-9.376766489047542,0.679487179486934
BRLUSD_otc,FVG_BearOnly,1,5596,0.4097569692637598,2293,687,-9.638228517187008,-0.13670478913511833
USDDZD_otc,OrderBlock_BullOnly,1,2295,0.4095860566448802,940,266,-1.1798422240221764,0.025795206971652117
BRLUSD_otc,LiquiditySweep_Bear,1,1313,0.408987052551409,537,163,-9.549524008054396,-0.07463823305413435
USDARS_otc,Confluence_Bear,1,564,0.4078014184397163,230,81,-22.90326538973118,-0.6613475177307819
USDPKR_otc,OrderBlock_BearOnly,1,2372,0.407672849915683,967,275,-1.17653009965446,0.026180438448532257
USDPKR_otc,FVG_BullOnly,1,5601,0.4076057846813069,2283,718,-1.15428087713268,-0.03740403499375059
USDARS_otc,London_KZ_Sweep_Bull,1,165,0.40606060606060607,67,15,-22.16640424712696,-1.9999999999985945
BRLUSD_otc,LiquiditySweep_Bull,1,1372,0.4037900874635568,554,182,-9.756039870644004,-0.27842565597669416
USDARS_otc,BOS_Confluence_Bull,1,57,0.40350877192982454,23,4,-22.779647259046396,3.263157894736268
BRLUSD_otc,London_KZ_Sweep_Bear,1,179,0.4022346368715084,72,22,-9.757901919485068,0.10055865921776024
BRLUSD_otc,London_KZ_Sweep_Bull,1,189,0.4021164021164021,76,24,-9.887327936324906,-0.005291005291024558
BRLUSD_otc,FVG_BullOnly,1,5645,0.4008857395925598,2263,716,-9.947327394805644,-0.3558901682905266
USDARS_otc,Confluence_Bull,1,475,0.4,190,52,-23.529428312501434,-2.3326315789473053
USDARS_otc,BB_Squeeze_Breakout_Bear,1,65,0.4,26,11,-22.33143617430841,-9.461538461538952
BRLUSD_otc,ICT_LondonOpen_WithAsian,1,30,0.4,12,6,-9.67571032534692,-5.133333333333378
USDARS_otc,ICT_LondonOpen_WithAsian,1,30,0.4,12,3,-22.19892791814247,-0.19999999999906018
USDDZD_otc,ICT_NYOpen_WithAsian,1,30,0.4,12,1,-1.1847873510916296,0.27333333333350157
BRLUSD_otc,OrderBlock_BullOnly,1,2348,0.39948892674616693,938,272,-10.248793139879883,-0.5293867120953974
USDPKR_otc,ICT_PowerOf3_Bull,1,326,0.3987730061349693,130,44,-1.1598210197962495,-0.05398773006136336
USDPKR_otc,OrderBlock_BullOnly,1,2346,0.39514066496163686,927,273,-1.235805732894991,-0.06645353793694893
USDARS_otc,OrderBlock_BullOnly,1,2349,0.3946360153256705,927,277,-23.663896285434177,-0.8488718603657768
USDARS_otc,NY_KZ_CHoCH_Bull,1,148,0.3918918918918919,58,18,-23.413529677824183,-1.7635135135134459
USDARS_otc,SMC_Triple_Bear(OB+Sweep),1,97,0.3917525773195876,38,10,-25.459638690203246,-2.3298969072160167
USDDZD_otc,ICT_PowerOf3_Bear,1,283,0.38869257950530034,110,33,-1.200707701026636,0.024028268551341436
BRLUSD_otc,ICT_PowerOf3_Bull,1,237,0.379746835443038,90,37,-11.542180811424148,-1.540084388185742
BRLUSD_otc,Confluence_Bull,1,513,0.37816764132553604,194,58,-11.175191363309775,-0.9239766081871271
USDDZD_otc,BB_Squeeze_Breakout_Bull,1,72,0.375,27,11,-1.2881815547216076,-0.2319444444443677
BRLUSD_otc,BOS_Confluence_Bull,1,65,0.35384615384615387,23,5,-11.805530387902346,-0.6769230769229857
USDPKR_otc,ICT_LondonOpen_WithAsian,1,29,0.3448275862068966,10,5,-1.4168158562739552,-0.17586206896625894
USDARS_otc,ICT_PowerOf3_Bull,1,100,0.34,34,12,-27.507071458397085,-0.6299999999989723
BRLUSD_otc,BB_Squeeze_Breakout_Bull,1,71,0.323943661971831,23,10,-12.68528673817273,-0.985915492957638
USDPKR_otc,BB_Squeeze_Breakout_Bull,1,71,0.323943661971831,23,9,-1.5056855146445156,-0.367605633803011
BRLUSD_otc,SMC_Triple_Bear(OB+Sweep),1,85,0.3058823529411765,26,12,-14.646095036369319,-1.2352941176469885
USDPKR_otc,ICT_NYOpen_WithAsian,1,30,0.3,9,3,-1.6492229050790268,0.02666666666641504
