asset,minute_of_day,time_utc,direction,samples,l1_wins,l1_win_rate,martingale_uses,martingale_use_rate,martingale_wins,combined_wins,combined_win_rate,p_value
USDNGN_otc,486,08:06,CALL,100,65,0.65,35,0.35,24,89,0.89,0.0013498980316301035
USDCOP_otc,790,13:10,CALL,100,64,0.64,36,0.36,25,89,0.89,0.002555130330427924
USDCOP_otc,701,11:41,PUT,100,63,0.63,37,0.37,26,89,0.89,0.004661188023718732
USDMXN_otc,1247,20:47,PUT,100,62,0.62,38,0.38,27,89,0.89,0.008197535924596155
USDARS_otc,4,00:04,CALL,100,60,0.6,40,0.4,29,89,0.89,0.02275013194817921
USDINR_otc,745,12:25,PUT,100,69,0.69,31,0.31,19,88,0.88,7.234804392514116e-05
USDBDT_otc,613,10:13,PUT,100,64,0.64,36,0.36,24,88,0.88,0.002555130330427924
USDCOP_otc,515,08:35,PUT,100,64,0.64,36,0.36,24,88,0.88,0.002555130330427924
USDARS_otc,1191,19:51,CALL,100,63,0.63,37,0.37,25,88,0.88,0.004661188023718732
USDINR_otc,1327,22:07,CALL,100,63,0.63,37,0.37,25,88,0.88,0.004661188023718732
BRLUSD_otc,60,01:00,PUT,100,62,0.62,38,0.38,26,88,0.88,0.008197535924596155
USDARS_otc,489,08:09,PUT,100,62,0.62,38,0.38,26,88,0.88,0.008197535924596155
USDEGP_otc,741,12:21,PUT,100,62,0.62,38,0.38,26,88,0.88,0.008197535924596155
USDINR_otc,195,03:15,PUT,100,61,0.61,39,0.39,27,88,0.88,0.01390344751349859
USDPHP_otc,440,07:20,PUT,100,61,0.61,39,0.39,27,88,0.88,0.01390344751349859
USDPKR_otc,811,13:31,PUT,100,61,0.61,39,0.39,27,88,0.88,0.01390344751349859
USDEGP_otc,510,08:30,PUT,100,60,0.6,40,0.4,28,88,0.88,0.02275013194817921
USDPHP_otc,784,13:04,PUT,100,60,0.6,40,0.4,28,88,0.88,0.02275013194817921
USDEGP_otc,363,06:03,PUT,100,66,0.66,34,0.34,21,87,0.87,0.0006871379379158604
USDBDT_otc,305,05:05,PUT,100,65,0.65,35,0.35,22,87,0.87,0.0013498980316301035
USDEGP_otc,176,02:56,PUT,100,65,0.65,35,0.35,22,87,0.87,0.0013498980316301035
USDZAR_otc,134,02:14,CALL,100,65,0.65,35,0.35,22,87,0.87,0.0013498980316301035
USDIDR_otc,609,10:09,PUT,100,64,0.64,36,0.36,23,87,0.87,0.002555130330427924
BRLUSD_otc,487,08:07,PUT,100,63,0.63,37,0.37,24,87,0.87,0.004661188023718732
BRLUSD_otc,966,16:06,PUT,100,63,0.63,37,0.37,24,87,0.87,0.004661188023718732
USDIDR_otc,354,05:54,PUT,100,63,0.63,37,0.37,24,87,0.87,0.004661188023718732
USDIDR_otc,1271,21:11,PUT,100,63,0.63,37,0.37,24,87,0.87,0.004661188023718732
USDINR_otc,192,03:12,PUT,100,63,0.63,37,0.37,24,87,0.87,0.004661188023718732
USDMXN_otc,1167,19:27,CALL,100,63,0.63,37,0.37,24,87,0.87,0.004661188023718732
USDPHP_otc,231,03:51,CALL,100,63,0.63,37,0.37,24,87,0.87,0.004661188023718732
USDZAR_otc,1309,21:49,PUT,100,63,0.63,37,0.37,24,87,0.87,0.004661188023718732
BRLUSD_otc,245,04:05,PUT,100,62,0.62,38,0.38,25,87,0.87,0.008197535924596155
BRLUSD_otc,974,16:14,PUT,100,62,0.62,38,0.38,25,87,0.87,0.008197535924596155
USDARS_otc,1408,23:28,PUT,100,62,0.62,38,0.38,25,87,0.87,0.008197535924596155
USDDZD_otc,471,07:51,PUT,100,62,0.62,38,0.38,25,87,0.87,0.008197535924596155
BRLUSD_otc,611,10:11,CALL,100,61,0.61,39,0.39,26,87,0.87,0.01390344751349859
USDARS_otc,214,03:34,PUT,100,61,0.61,39,0.39,26,87,0.87,0.01390344751349859
USDBDT_otc,1242,20:42,PUT,100,61,0.61,39,0.39,26,87,0.87,0.01390344751349859
USDEGP_otc,1165,19:25,PUT,100,61,0.61,39,0.39,26,87,0.87,0.01390344751349859
USDINR_otc,1215,20:15,CALL,100,61,0.61,39,0.39,26,87,0.87,0.01390344751349859
USDARS_otc,759,12:39,CALL,100,60,0.6,40,0.4,27,87,0.87,0.02275013194817921
USDBDT_otc,597,09:57,PUT,100,60,0.6,40,0.4,27,87,0.87,0.02275013194817921
USDCOP_otc,1380,23:00,PUT,100,60,0.6,40,0.4,27,87,0.87,0.02275013194817921
USDINR_otc,742,12:22,PUT,100,60,0.6,40,0.4,27,87,0.87,0.02275013194817921
USDBDT_otc,22,00:22,PUT,100,68,0.68,32,0.32,18,86,0.86,0.00015910859015755285
BRLUSD_otc,124,02:04,CALL,100,66,0.66,34,0.34,20,86,0.86,0.0006871379379158604
USDARS_otc,1075,17:55,CALL,100,66,0.66,34,0.34,20,86,0.86,0.0006871379379158604
USDDZD_otc,1103,18:23,PUT,100,66,0.66,34,0.34,20,86,0.86,0.0006871379379158604
USDARS_otc,997,16:37,PUT,100,65,0.65,35,0.35,21,86,0.86,0.0013498980316301035
USDARS_otc,1168,19:28,PUT,100,65,0.65,35,0.35,21,86,0.86,0.0013498980316301035
USDZAR_otc,1144,19:04,PUT,100,65,0.65,35,0.35,21,86,0.86,0.0013498980316301035
USDEGP_otc,16,00:16,PUT,100,64,0.64,36,0.36,22,86,0.86,0.002555130330427924
USDEGP_otc,1166,19:26,PUT,100,63,0.63,37,0.37,23,86,0.86,0.004661188023718732
USDZAR_otc,151,02:31,CALL,100,63,0.63,37,0.37,23,86,0.86,0.004661188023718732
USDBDT_otc,1394,23:14,PUT,100,62,0.62,38,0.38,24,86,0.86,0.008197535924596155
USDIDR_otc,120,02:00,PUT,100,62,0.62,38,0.38,24,86,0.86,0.008197535924596155
USDPKR_otc,707,11:47,PUT,100,62,0.62,38,0.38,24,86,0.86,0.008197535924596155
USDZAR_otc,961,16:01,CALL,100,62,0.62,38,0.38,24,86,0.86,0.008197535924596155
USDBDT_otc,911,15:11,PUT,100,61,0.61,39,0.39,25,86,0.86,0.01390344751349859
USDBDT_otc,1090,18:10,PUT,100,61,0.61,39,0.39,25,86,0.86,0.01390344751349859
USDCOP_otc,767,12:47,PUT,100,61,0.61,39,0.39,25,86,0.86,0.01390344751349859
USDEGP_otc,1115,18:35,PUT,100,61,0.61,39,0.39,25,86,0.86,0.01390344751349859
USDNGN_otc,1066,17:46,PUT,100,61,0.61,39,0.39,25,86,0.86,0.01390344751349859
USDNGN_otc,1300,21:40,PUT,100,61,0.61,39,0.39,25,86,0.86,0.01390344751349859
USDPHP_otc,104,01:44,PUT,100,61,0.61,39,0.39,25,86,0.86,0.01390344751349859
USDPKR_otc,388,06:28,PUT,100,61,0.61,39,0.39,25,86,0.86,0.01390344751349859
BRLUSD_otc,225,03:45,PUT,100,60,0.6,40,0.4,26,86,0.86,0.02275013194817921
BRLUSD_otc,594,09:54,PUT,100,60,0.6,40,0.4,26,86,0.86,0.02275013194817921
USDIDR_otc,1397,23:17,PUT,100,60,0.6,40,0.4,26,86,0.86,0.02275013194817921
USDINR_otc,138,02:18,CALL,100,60,0.6,40,0.4,26,86,0.86,0.02275013194817921
USDINR_otc,709,11:49,PUT,100,60,0.6,40,0.4,26,86,0.86,0.02275013194817921
USDINR_otc,1344,22:24,PUT,100,60,0.6,40,0.4,26,86,0.86,0.02275013194817921
USDNGN_otc,621,10:21,PUT,100,60,0.6,40,0.4,26,86,0.86,0.02275013194817921
USDPKR_otc,568,09:28,PUT,100,60,0.6,40,0.4,26,86,0.86,0.02275013194817921
BRLUSD_otc,842,14:02,PUT,100,66,0.66,34,0.34,19,85,0.85,0.0006871379379158604
USDBDT_otc,598,09:58,PUT,100,65,0.65,35,0.35,20,85,0.85,0.0013498980316301035
USDIDR_otc,758,12:38,PUT,100,65,0.65,35,0.35,20,85,0.85,0.0013498980316301035
USDMXN_otc,400,06:40,PUT,100,65,0.65,35,0.35,20,85,0.85,0.0013498980316301035
USDNGN_otc,957,15:57,PUT,100,65,0.65,35,0.35,20,85,0.85,0.0013498980316301035
USDPHP_otc,1148,19:08,CALL,100,65,0.65,35,0.35,20,85,0.85,0.0013498980316301035
USDARS_otc,861,14:21,PUT,100,64,0.64,36,0.36,21,85,0.85,0.002555130330427924
USDBDT_otc,1423,23:43,PUT,100,64,0.64,36,0.36,21,85,0.85,0.002555130330427924
USDINR_otc,20,00:20,PUT,100,64,0.64,36,0.36,21,85,0.85,0.002555130330427924
USDNGN_otc,1268,21:08,PUT,100,64,0.64,36,0.36,21,85,0.85,0.002555130330427924
USDPKR_otc,789,13:09,PUT,100,64,0.64,36,0.36,21,85,0.85,0.002555130330427924
USDEGP_otc,762,12:42,CALL,100,63,0.63,37,0.37,22,85,0.85,0.004661188023718732
USDEGP_otc,1385,23:05,PUT,100,63,0.63,37,0.37,22,85,0.85,0.004661188023718732
USDINR_otc,494,08:14,PUT,100,63,0.63,37,0.37,22,85,0.85,0.004661188023718732
USDMXN_otc,717,11:57,CALL,100,63,0.63,37,0.37,22,85,0.85,0.004661188023718732
USDNGN_otc,407,06:47,PUT,100,63,0.63,37,0.37,22,85,0.85,0.004661188023718732
USDNGN_otc,1013,16:53,PUT,100,63,0.63,37,0.37,22,85,0.85,0.004661188023718732
USDPHP_otc,551,09:11,PUT,100,63,0.63,37,0.37,22,85,0.85,0.004661188023718732
USDPHP_otc,1201,20:01,PUT,100,63,0.63,37,0.37,22,85,0.85,0.004661188023718732
USDZAR_otc,442,07:22,PUT,100,63,0.63,37,0.37,22,85,0.85,0.004661188023718732
BRLUSD_otc,410,06:50,PUT,100,62,0.62,38,0.38,23,85,0.85,0.008197535924596155
USDBDT_otc,1029,17:09,PUT,100,62,0.62,38,0.38,23,85,0.85,0.008197535924596155
USDEGP_otc,860,14:20,PUT,100,62,0.62,38,0.38,23,85,0.85,0.008197535924596155
USDEGP_otc,1020,17:00,CALL,100,62,0.62,38,0.38,23,85,0.85,0.008197535924596155
USDNGN_otc,125,02:05,PUT,100,62,0.62,38,0.38,23,85,0.85,0.008197535924596155
USDNGN_otc,176,02:56,PUT,100,62,0.62,38,0.38,23,85,0.85,0.008197535924596155
USDNGN_otc,837,13:57,CALL,100,62,0.62,38,0.38,23,85,0.85,0.008197535924596155
USDPKR_otc,199,03:19,PUT,100,62,0.62,38,0.38,23,85,0.85,0.008197535924596155
USDPKR_otc,1436,23:56,CALL,100,62,0.62,38,0.38,23,85,0.85,0.008197535924596155
USDZAR_otc,709,11:49,CALL,100,62,0.62,38,0.38,23,85,0.85,0.008197535924596155
USDZAR_otc,1423,23:43,PUT,100,62,0.62,38,0.38,23,85,0.85,0.008197535924596155
USDARS_otc,13,00:13,PUT,100,61,0.61,39,0.39,24,85,0.85,0.01390344751349859
USDBDT_otc,742,12:22,PUT,100,61,0.61,39,0.39,24,85,0.85,0.01390344751349859
USDDZD_otc,1139,18:59,PUT,100,61,0.61,39,0.39,24,85,0.85,0.01390344751349859
USDEGP_otc,261,04:21,CALL,100,61,0.61,39,0.39,24,85,0.85,0.01390344751349859
USDIDR_otc,796,13:16,CALL,100,61,0.61,39,0.39,24,85,0.85,0.01390344751349859
USDNGN_otc,24,00:24,PUT,100,61,0.61,39,0.39,24,85,0.85,0.01390344751349859
USDNGN_otc,411,06:51,PUT,100,61,0.61,39,0.39,24,85,0.85,0.01390344751349859
USDNGN_otc,1286,21:26,PUT,100,61,0.61,39,0.39,24,85,0.85,0.01390344751349859
USDPHP_otc,497,08:17,CALL,100,61,0.61,39,0.39,24,85,0.85,0.01390344751349859
USDPHP_otc,1057,17:37,PUT,100,61,0.61,39,0.39,24,85,0.85,0.01390344751349859
USDPHP_otc,1134,18:54,PUT,100,61,0.61,39,0.39,24,85,0.85,0.01390344751349859
USDZAR_otc,666,11:06,PUT,100,61,0.61,39,0.39,24,85,0.85,0.01390344751349859
BRLUSD_otc,322,05:22,PUT,100,60,0.6,40,0.4,25,85,0.85,0.02275013194817921
BRLUSD_otc,1286,21:26,PUT,100,60,0.6,40,0.4,25,85,0.85,0.02275013194817921
USDARS_otc,215,03:35,PUT,100,60,0.6,40,0.4,25,85,0.85,0.02275013194817921
USDARS_otc,687,11:27,PUT,100,60,0.6,40,0.4,25,85,0.85,0.02275013194817921
USDARS_otc,901,15:01,CALL,100,60,0.6,40,0.4,25,85,0.85,0.02275013194817921
USDARS_otc,1061,17:41,PUT,100,60,0.6,40,0.4,25,85,0.85,0.02275013194817921
USDCOP_otc,209,03:29,PUT,100,60,0.6,40,0.4,25,85,0.85,0.02275013194817921
USDDZD_otc,8,00:08,CALL,100,60,0.6,40,0.4,25,85,0.85,0.02275013194817921
USDDZD_otc,259,04:19,PUT,100,60,0.6,40,0.4,25,85,0.85,0.02275013194817921
USDDZD_otc,1332,22:12,PUT,100,60,0.6,40,0.4,25,85,0.85,0.02275013194817921
USDEGP_otc,33,00:33,PUT,100,60,0.6,40,0.4,25,85,0.85,0.02275013194817921
USDEGP_otc,254,04:14,PUT,100,60,0.6,40,0.4,25,85,0.85,0.02275013194817921
USDEGP_otc,1007,16:47,PUT,100,60,0.6,40,0.4,25,85,0.85,0.02275013194817921
USDIDR_otc,178,02:58,CALL,100,60,0.6,40,0.4,25,85,0.85,0.02275013194817921
USDIDR_otc,853,14:13,CALL,100,60,0.6,40,0.4,25,85,0.85,0.02275013194817921
USDIDR_otc,1178,19:38,CALL,100,60,0.6,40,0.4,25,85,0.85,0.02275013194817921
USDINR_otc,277,04:37,PUT,100,60,0.6,40,0.4,25,85,0.85,0.02275013194817921
USDINR_otc,799,13:19,PUT,100,60,0.6,40,0.4,25,85,0.85,0.02275013194817921
USDINR_otc,1167,19:27,PUT,100,60,0.6,40,0.4,25,85,0.85,0.02275013194817921
USDNGN_otc,304,05:04,PUT,100,60,0.6,40,0.4,25,85,0.85,0.02275013194817921
USDNGN_otc,696,11:36,PUT,100,60,0.6,40,0.4,25,85,0.85,0.02275013194817921
USDNGN_otc,1185,19:45,PUT,100,60,0.6,40,0.4,25,85,0.85,0.02275013194817921
USDPKR_otc,407,06:47,PUT,100,60,0.6,40,0.4,25,85,0.85,0.02275013194817921
BRLUSD_otc,276,04:36,PUT,100,67,0.67,33,0.33,17,84,0.84,0.0003369292656768552
USDPKR_otc,665,11:05,CALL,100,67,0.67,33,0.33,17,84,0.84,0.0003369292656768552
USDZAR_otc,747,12:27,CALL,100,67,0.67,33,0.33,17,84,0.84,0.0003369292656768552
USDZAR_otc,351,05:51,PUT,100,66,0.66,34,0.34,18,84,0.84,0.0006871379379158604
USDCOP_otc,954,15:54,PUT,100,65,0.65,35,0.35,19,84,0.84,0.0013498980316301035
USDBDT_otc,567,09:27,CALL,100,64,0.64,36,0.36,20,84,0.84,0.002555130330427924
USDDZD_otc,911,15:11,PUT,100,64,0.64,36,0.36,20,84,0.84,0.002555130330427924
USDDZD_otc,1430,23:50,PUT,100,64,0.64,36,0.36,20,84,0.84,0.002555130330427924
USDMXN_otc,712,11:52,CALL,100,64,0.64,36,0.36,20,84,0.84,0.002555130330427924
USDPHP_otc,291,04:51,PUT,100,64,0.64,36,0.36,20,84,0.84,0.002555130330427924
BRLUSD_otc,535,08:55,PUT,100,63,0.63,37,0.37,21,84,0.84,0.004661188023718732
BRLUSD_otc,1284,21:24,PUT,100,63,0.63,37,0.37,21,84,0.84,0.004661188023718732
USDARS_otc,1167,19:27,PUT,100,63,0.63,37,0.37,21,84,0.84,0.004661188023718732
USDCOP_otc,1071,17:51,PUT,100,63,0.63,37,0.37,21,84,0.84,0.004661188023718732
USDCOP_otc,1146,19:06,PUT,100,63,0.63,37,0.37,21,84,0.84,0.004661188023718732
USDDZD_otc,1061,17:41,PUT,100,63,0.63,37,0.37,21,84,0.84,0.004661188023718732
USDIDR_otc,499,08:19,PUT,100,63,0.63,37,0.37,21,84,0.84,0.004661188023718732
USDMXN_otc,889,14:49,PUT,100,63,0.63,37,0.37,21,84,0.84,0.004661188023718732
USDPKR_otc,460,07:40,PUT,100,63,0.63,37,0.37,21,84,0.84,0.004661188023718732
BRLUSD_otc,727,12:07,CALL,100,62,0.62,38,0.38,22,84,0.84,0.008197535924596155
USDARS_otc,1050,17:30,CALL,100,62,0.62,38,0.38,22,84,0.84,0.008197535924596155
USDDZD_otc,1008,16:48,PUT,100,62,0.62,38,0.38,22,84,0.84,0.008197535924596155
USDEGP_otc,25,00:25,PUT,100,62,0.62,38,0.38,22,84,0.84,0.008197535924596155
USDEGP_otc,192,03:12,PUT,100,62,0.62,38,0.38,22,84,0.84,0.008197535924596155
USDINR_otc,326,05:26,PUT,100,62,0.62,38,0.38,22,84,0.84,0.008197535924596155
USDINR_otc,563,09:23,PUT,100,62,0.62,38,0.38,22,84,0.84,0.008197535924596155
USDMXN_otc,90,01:30,PUT,100,62,0.62,38,0.38,22,84,0.84,0.008197535924596155
USDMXN_otc,483,08:03,PUT,100,62,0.62,38,0.38,22,84,0.84,0.008197535924596155
USDMXN_otc,735,12:15,CALL,100,62,0.62,38,0.38,22,84,0.84,0.008197535924596155
USDMXN_otc,1415,23:35,CALL,100,62,0.62,38,0.38,22,84,0.84,0.008197535924596155
USDPKR_otc,515,08:35,PUT,100,62,0.62,38,0.38,22,84,0.84,0.008197535924596155
BRLUSD_otc,406,06:46,PUT,100,61,0.61,39,0.39,23,84,0.84,0.01390344751349859
BRLUSD_otc,1016,16:56,PUT,100,61,0.61,39,0.39,23,84,0.84,0.01390344751349859
USDBDT_otc,1062,17:42,PUT,100,61,0.61,39,0.39,23,84,0.84,0.01390344751349859
USDCOP_otc,84,01:24,CALL,100,61,0.61,39,0.39,23,84,0.84,0.01390344751349859
USDCOP_otc,1007,16:47,PUT,100,61,0.61,39,0.39,23,84,0.84,0.01390344751349859
USDCOP_otc,1024,17:04,CALL,100,61,0.61,39,0.39,23,84,0.84,0.01390344751349859
USDDZD_otc,791,13:11,PUT,100,61,0.61,39,0.39,23,84,0.84,0.01390344751349859
USDDZD_otc,1023,17:03,PUT,100,61,0.61,39,0.39,23,84,0.84,0.01390344751349859
USDEGP_otc,349,05:49,PUT,100,61,0.61,39,0.39,23,84,0.84,0.01390344751349859
USDEGP_otc,736,12:16,PUT,100,61,0.61,39,0.39,23,84,0.84,0.01390344751349859
USDINR_otc,466,07:46,PUT,100,61,0.61,39,0.39,23,84,0.84,0.01390344751349859
USDINR_otc,520,08:40,CALL,100,61,0.61,39,0.39,23,84,0.84,0.01390344751349859
USDMXN_otc,1309,21:49,PUT,100,61,0.61,39,0.39,23,84,0.84,0.01390344751349859
USDNGN_otc,8,00:08,PUT,100,61,0.61,39,0.39,23,84,0.84,0.01390344751349859
USDNGN_otc,126,02:06,PUT,100,61,0.61,39,0.39,23,84,0.84,0.01390344751349859
USDNGN_otc,953,15:53,PUT,100,61,0.61,39,0.39,23,84,0.84,0.01390344751349859
USDPHP_otc,1010,16:50,CALL,100,61,0.61,39,0.39,23,84,0.84,0.01390344751349859
USDPKR_otc,461,07:41,PUT,100,61,0.61,39,0.39,23,84,0.84,0.01390344751349859
USDZAR_otc,753,12:33,PUT,100,61,0.61,39,0.39,23,84,0.84,0.01390344751349859
BRLUSD_otc,32,00:32,PUT,100,60,0.6,40,0.4,24,84,0.84,0.02275013194817921
USDARS_otc,361,06:01,CALL,100,60,0.6,40,0.4,24,84,0.84,0.02275013194817921
USDARS_otc,1153,19:13,PUT,100,60,0.6,40,0.4,24,84,0.84,0.02275013194817921
USDBDT_otc,197,03:17,PUT,100,60,0.6,40,0.4,24,84,0.84,0.02275013194817921
USDBDT_otc,285,04:45,PUT,100,60,0.6,40,0.4,24,84,0.84,0.02275013194817921
USDBDT_otc,1396,23:16,PUT,100,60,0.6,40,0.4,24,84,0.84,0.02275013194817921
USDCOP_otc,1031,17:11,PUT,100,60,0.6,40,0.4,24,84,0.84,0.02275013194817921
USDCOP_otc,1270,21:10,PUT,100,60,0.6,40,0.4,24,84,0.84,0.02275013194817921
USDDZD_otc,168,02:48,CALL,100,60,0.6,40,0.4,24,84,0.84,0.02275013194817921
USDDZD_otc,1099,18:19,PUT,100,60,0.6,40,0.4,24,84,0.84,0.02275013194817921
USDEGP_otc,738,12:18,CALL,100,60,0.6,40,0.4,24,84,0.84,0.02275013194817921
USDEGP_otc,768,12:48,PUT,100,60,0.6,40,0.4,24,84,0.84,0.02275013194817921
USDEGP_otc,954,15:54,PUT,100,60,0.6,40,0.4,24,84,0.84,0.02275013194817921
USDEGP_otc,1192,19:52,CALL,100,60,0.6,40,0.4,24,84,0.84,0.02275013194817921
USDEGP_otc,1432,23:52,PUT,100,60,0.6,40,0.4,24,84,0.84,0.02275013194817921
USDNGN_otc,127,02:07,PUT,100,60,0.6,40,0.4,24,84,0.84,0.02275013194817921
USDNGN_otc,1212,20:12,PUT,100,60,0.6,40,0.4,24,84,0.84,0.02275013194817921
USDNGN_otc,1254,20:54,PUT,100,60,0.6,40,0.4,24,84,0.84,0.02275013194817921
USDPKR_otc,34,00:34,PUT,100,60,0.6,40,0.4,24,84,0.84,0.02275013194817921
USDPKR_otc,808,13:28,PUT,100,60,0.6,40,0.4,24,84,0.84,0.02275013194817921
USDZAR_otc,906,15:06,PUT,100,60,0.6,40,0.4,24,84,0.84,0.02275013194817921
BRLUSD_otc,1320,22:00,PUT,99,60,0.6060606060606061,39,0.3939393939393939,23,83,0.8383838383838383,0.017404239405933553
USDBDT_otc,875,14:35,PUT,100,69,0.69,31,0.31,14,83,0.83,7.234804392514116e-05
USDNGN_otc,452,07:32,PUT,100,69,0.69,31,0.31,14,83,0.83,7.234804392514116e-05
USDPKR_otc,657,10:57,PUT,100,67,0.67,33,0.33,16,83,0.83,0.0003369292656768552
USDZAR_otc,1140,19:00,CALL,100,67,0.67,33,0.33,16,83,0.83,0.0003369292656768552
USDBDT_otc,205,03:25,PUT,100,66,0.66,34,0.34,17,83,0.83,0.0006871379379158604
USDDZD_otc,1366,22:46,PUT,100,66,0.66,34,0.34,17,83,0.83,0.0006871379379158604
USDNGN_otc,1029,17:09,PUT,100,66,0.66,34,0.34,17,83,0.83,0.0006871379379158604
USDNGN_otc,1291,21:31,PUT,100,66,0.66,34,0.34,17,83,0.83,0.0006871379379158604
BRLUSD_otc,401,06:41,PUT,100,65,0.65,35,0.35,18,83,0.83,0.0013498980316301035
BRLUSD_otc,774,12:54,PUT,100,65,0.65,35,0.35,18,83,0.83,0.0013498980316301035
USDDZD_otc,468,07:48,PUT,100,65,0.65,35,0.35,18,83,0.83,0.0013498980316301035
USDZAR_otc,1048,17:28,PUT,100,65,0.65,35,0.35,18,83,0.83,0.0013498980316301035
USDARS_otc,1333,22:13,PUT,100,64,0.64,36,0.36,19,83,0.83,0.002555130330427924
USDDZD_otc,780,13:00,PUT,100,64,0.64,36,0.36,19,83,0.83,0.002555130330427924
USDEGP_otc,507,08:27,PUT,100,64,0.64,36,0.36,19,83,0.83,0.002555130330427924
USDEGP_otc,871,14:31,CALL,100,64,0.64,36,0.36,19,83,0.83,0.002555130330427924
USDIDR_otc,367,06:07,PUT,100,64,0.64,36,0.36,19,83,0.83,0.002555130330427924
USDIDR_otc,1113,18:33,PUT,100,64,0.64,36,0.36,19,83,0.83,0.002555130330427924
USDPHP_otc,1144,19:04,CALL,100,64,0.64,36,0.36,19,83,0.83,0.002555130330427924
USDPHP_otc,1170,19:30,CALL,100,64,0.64,36,0.36,19,83,0.83,0.002555130330427924
BRLUSD_otc,150,02:30,PUT,100,63,0.63,37,0.37,20,83,0.83,0.004661188023718732
USDARS_otc,643,10:43,CALL,100,63,0.63,37,0.37,20,83,0.83,0.004661188023718732
USDBDT_otc,1146,19:06,PUT,100,63,0.63,37,0.37,20,83,0.83,0.004661188023718732
USDDZD_otc,394,06:34,PUT,100,63,0.63,37,0.37,20,83,0.83,0.004661188023718732
USDDZD_otc,1180,19:40,PUT,100,63,0.63,37,0.37,20,83,0.83,0.004661188023718732
USDEGP_otc,212,03:32,CALL,100,63,0.63,37,0.37,20,83,0.83,0.004661188023718732
USDEGP_otc,511,08:31,PUT,100,63,0.63,37,0.37,20,83,0.83,0.004661188023718732
USDEGP_otc,1370,22:50,PUT,100,63,0.63,37,0.37,20,83,0.83,0.004661188023718732
USDIDR_otc,40,00:40,PUT,100,63,0.63,37,0.37,20,83,0.83,0.004661188023718732
USDMXN_otc,463,07:43,CALL,100,63,0.63,37,0.37,20,83,0.83,0.004661188023718732
BRLUSD_otc,1242,20:42,PUT,100,62,0.62,38,0.38,21,83,0.83,0.008197535924596155
BRLUSD_otc,1287,21:27,PUT,100,62,0.62,38,0.38,21,83,0.83,0.008197535924596155
USDARS_otc,441,07:21,PUT,100,62,0.62,38,0.38,21,83,0.83,0.008197535924596155
USDBDT_otc,702,11:42,PUT,100,62,0.62,38,0.38,21,83,0.83,0.008197535924596155
USDDZD_otc,541,09:01,CALL,100,62,0.62,38,0.38,21,83,0.83,0.008197535924596155
USDEGP_otc,303,05:03,PUT,100,62,0.62,38,0.38,21,83,0.83,0.008197535924596155
USDEGP_otc,1085,18:05,PUT,100,62,0.62,38,0.38,21,83,0.83,0.008197535924596155
USDEGP_otc,1313,21:53,PUT,100,62,0.62,38,0.38,21,83,0.83,0.008197535924596155
USDIDR_otc,1403,23:23,PUT,100,62,0.62,38,0.38,21,83,0.83,0.008197535924596155
USDINR_otc,1427,23:47,PUT,100,62,0.62,38,0.38,21,83,0.83,0.008197535924596155
USDMXN_otc,305,05:05,PUT,100,62,0.62,38,0.38,21,83,0.83,0.008197535924596155
USDMXN_otc,1262,21:02,PUT,100,62,0.62,38,0.38,21,83,0.83,0.008197535924596155
USDNGN_otc,237,03:57,PUT,100,62,0.62,38,0.38,21,83,0.83,0.008197535924596155
USDNGN_otc,540,09:00,PUT,100,62,0.62,38,0.38,21,83,0.83,0.008197535924596155
USDNGN_otc,770,12:50,PUT,100,62,0.62,38,0.38,21,83,0.83,0.008197535924596155
USDPHP_otc,759,12:39,PUT,100,62,0.62,38,0.38,21,83,0.83,0.008197535924596155
USDPKR_otc,578,09:38,CALL,100,62,0.62,38,0.38,21,83,0.83,0.008197535924596155
USDPKR_otc,1056,17:36,CALL,100,62,0.62,38,0.38,21,83,0.83,0.008197535924596155
USDZAR_otc,859,14:19,CALL,100,62,0.62,38,0.38,21,83,0.83,0.008197535924596155
BRLUSD_otc,197,03:17,CALL,100,61,0.61,39,0.39,22,83,0.83,0.01390344751349859
BRLUSD_otc,491,08:11,PUT,100,61,0.61,39,0.39,22,83,0.83,0.01390344751349859
BRLUSD_otc,1019,16:59,PUT,100,61,0.61,39,0.39,22,83,0.83,0.01390344751349859
BRLUSD_otc,1088,18:08,PUT,100,61,0.61,39,0.39,22,83,0.83,0.01390344751349859
USDARS_otc,165,02:45,PUT,100,61,0.61,39,0.39,22,83,0.83,0.01390344751349859
USDBDT_otc,350,05:50,CALL,100,61,0.61,39,0.39,22,83,0.83,0.01390344751349859
USDBDT_otc,533,08:53,PUT,100,61,0.61,39,0.39,22,83,0.83,0.01390344751349859
USDBDT_otc,975,16:15,CALL,100,61,0.61,39,0.39,22,83,0.83,0.01390344751349859
USDCOP_otc,4,00:04,PUT,100,61,0.61,39,0.39,22,83,0.83,0.01390344751349859
USDCOP_otc,558,09:18,CALL,100,61,0.61,39,0.39,22,83,0.83,0.01390344751349859
USDCOP_otc,1077,17:57,PUT,100,61,0.61,39,0.39,22,83,0.83,0.01390344751349859
USDDZD_otc,483,08:03,PUT,100,61,0.61,39,0.39,22,83,0.83,0.01390344751349859
USDDZD_otc,732,12:12,PUT,100,61,0.61,39,0.39,22,83,0.83,0.01390344751349859
USDEGP_otc,337,05:37,CALL,100,61,0.61,39,0.39,22,83,0.83,0.01390344751349859
USDINR_otc,1283,21:23,PUT,100,61,0.61,39,0.39,22,83,0.83,0.01390344751349859
USDMXN_otc,794,13:14,PUT,100,61,0.61,39,0.39,22,83,0.83,0.01390344751349859
USDNGN_otc,1361,22:41,CALL,100,61,0.61,39,0.39,22,83,0.83,0.01390344751349859
USDPHP_otc,1067,17:47,PUT,100,61,0.61,39,0.39,22,83,0.83,0.01390344751349859
USDPHP_otc,1239,20:39,PUT,100,61,0.61,39,0.39,22,83,0.83,0.01390344751349859
USDZAR_otc,365,06:05,PUT,100,61,0.61,39,0.39,22,83,0.83,0.01390344751349859
USDZAR_otc,495,08:15,PUT,100,61,0.61,39,0.39,22,83,0.83,0.01390344751349859
BRLUSD_otc,203,03:23,PUT,100,60,0.6,40,0.4,23,83,0.83,0.02275013194817921
BRLUSD_otc,329,05:29,PUT,100,60,0.6,40,0.4,23,83,0.83,0.02275013194817921
BRLUSD_otc,460,07:40,CALL,100,60,0.6,40,0.4,23,83,0.83,0.02275013194817921
BRLUSD_otc,697,11:37,PUT,100,60,0.6,40,0.4,23,83,0.83,0.02275013194817921
BRLUSD_otc,978,16:18,PUT,100,60,0.6,40,0.4,23,83,0.83,0.02275013194817921
USDARS_otc,298,04:58,PUT,100,60,0.6,40,0.4,23,83,0.83,0.02275013194817921
USDARS_otc,777,12:57,PUT,100,60,0.6,40,0.4,23,83,0.83,0.02275013194817921
USDARS_otc,1235,20:35,PUT,100,60,0.6,40,0.4,23,83,0.83,0.02275013194817921
USDARS_otc,1249,20:49,PUT,100,60,0.6,40,0.4,23,83,0.83,0.02275013194817921
USDBDT_otc,31,00:31,CALL,100,60,0.6,40,0.4,23,83,0.83,0.02275013194817921
USDBDT_otc,829,13:49,PUT,100,60,0.6,40,0.4,23,83,0.83,0.02275013194817921
USDBDT_otc,1232,20:32,PUT,100,60,0.6,40,0.4,23,83,0.83,0.02275013194817921
USDCOP_otc,365,06:05,CALL,100,60,0.6,40,0.4,23,83,0.83,0.02275013194817921
USDCOP_otc,389,06:29,CALL,100,60,0.6,40,0.4,23,83,0.83,0.02275013194817921
USDCOP_otc,870,14:30,PUT,100,60,0.6,40,0.4,23,83,0.83,0.02275013194817921
USDCOP_otc,1267,21:07,PUT,100,60,0.6,40,0.4,23,83,0.83,0.02275013194817921
USDDZD_otc,1234,20:34,CALL,100,60,0.6,40,0.4,23,83,0.83,0.02275013194817921
USDDZD_otc,1312,21:52,PUT,100,60,0.6,40,0.4,23,83,0.83,0.02275013194817921
USDEGP_otc,376,06:16,PUT,100,60,0.6,40,0.4,23,83,0.83,0.02275013194817921
USDIDR_otc,257,04:17,PUT,100,60,0.6,40,0.4,23,83,0.83,0.02275013194817921
USDIDR_otc,1399,23:19,CALL,100,60,0.6,40,0.4,23,83,0.83,0.02275013194817921
USDINR_otc,157,02:37,CALL,100,60,0.6,40,0.4,23,83,0.83,0.02275013194817921
USDINR_otc,1139,18:59,CALL,100,60,0.6,40,0.4,23,83,0.83,0.02275013194817921
USDMXN_otc,411,06:51,PUT,100,60,0.6,40,0.4,23,83,0.83,0.02275013194817921
USDMXN_otc,714,11:54,PUT,100,60,0.6,40,0.4,23,83,0.83,0.02275013194817921
USDMXN_otc,770,12:50,CALL,100,60,0.6,40,0.4,23,83,0.83,0.02275013194817921
USDMXN_otc,1384,23:04,PUT,100,60,0.6,40,0.4,23,83,0.83,0.02275013194817921
USDNGN_otc,938,15:38,CALL,100,60,0.6,40,0.4,23,83,0.83,0.02275013194817921
USDNGN_otc,1158,19:18,PUT,100,60,0.6,40,0.4,23,83,0.83,0.02275013194817921
USDNGN_otc,1269,21:09,PUT,100,60,0.6,40,0.4,23,83,0.83,0.02275013194817921
USDNGN_otc,1275,21:15,PUT,100,60,0.6,40,0.4,23,83,0.83,0.02275013194817921
USDNGN_otc,1309,21:49,PUT,100,60,0.6,40,0.4,23,83,0.83,0.02275013194817921
USDPHP_otc,150,02:30,PUT,100,60,0.6,40,0.4,23,83,0.83,0.02275013194817921
USDPHP_otc,671,11:11,CALL,100,60,0.6,40,0.4,23,83,0.83,0.02275013194817921
USDPHP_otc,1135,18:55,PUT,100,60,0.6,40,0.4,23,83,0.83,0.02275013194817921
USDPKR_otc,301,05:01,PUT,100,60,0.6,40,0.4,23,83,0.83,0.02275013194817921
USDPKR_otc,662,11:02,PUT,100,60,0.6,40,0.4,23,83,0.83,0.02275013194817921
USDZAR_otc,169,02:49,PUT,100,60,0.6,40,0.4,23,83,0.83,0.02275013194817921
USDZAR_otc,816,13:36,PUT,100,60,0.6,40,0.4,23,83,0.83,0.02275013194817921
USDBDT_otc,1201,20:01,PUT,100,67,0.67,33,0.33,15,82,0.82,0.0003369292656768552
USDIDR_otc,1329,22:09,CALL,100,66,0.66,34,0.34,16,82,0.82,0.0006871379379158604
BRLUSD_otc,667,11:07,PUT,100,65,0.65,35,0.35,17,82,0.82,0.0013498980316301035
BRLUSD_otc,1267,21:07,PUT,100,65,0.65,35,0.35,17,82,0.82,0.0013498980316301035
USDCOP_otc,424,07:04,PUT,100,65,0.65,35,0.35,17,82,0.82,0.0013498980316301035
USDINR_otc,989,16:29,PUT,100,65,0.65,35,0.35,17,82,0.82,0.0013498980316301035
USDMXN_otc,1147,19:07,PUT,100,65,0.65,35,0.35,17,82,0.82,0.0013498980316301035
BRLUSD_otc,624,10:24,PUT,100,64,0.64,36,0.36,18,82,0.82,0.002555130330427924
BRLUSD_otc,871,14:31,CALL,100,64,0.64,36,0.36,18,82,0.82,0.002555130330427924
USDBDT_otc,409,06:49,PUT,100,64,0.64,36,0.36,18,82,0.82,0.002555130330427924
USDINR_otc,1331,22:11,CALL,100,64,0.64,36,0.36,18,82,0.82,0.002555130330427924
USDMXN_otc,767,12:47,PUT,100,64,0.64,36,0.36,18,82,0.82,0.002555130330427924
USDMXN_otc,1101,18:21,CALL,100,64,0.64,36,0.36,18,82,0.82,0.002555130330427924
USDNGN_otc,622,10:22,PUT,100,64,0.64,36,0.36,18,82,0.82,0.002555130330427924
USDPKR_otc,1301,21:41,PUT,100,64,0.64,36,0.36,18,82,0.82,0.002555130330427924
BRLUSD_otc,1020,17:00,PUT,100,63,0.63,37,0.37,19,82,0.82,0.004661188023718732
USDARS_otc,768,12:48,PUT,100,63,0.63,37,0.37,19,82,0.82,0.004661188023718732
USDARS_otc,1402,23:22,PUT,100,63,0.63,37,0.37,19,82,0.82,0.004661188023718732
USDINR_otc,1190,19:50,CALL,100,63,0.63,37,0.37,19,82,0.82,0.004661188023718732
USDMXN_otc,28,00:28,PUT,100,63,0.63,37,0.37,19,82,0.82,0.004661188023718732
USDMXN_otc,634,10:34,PUT,100,63,0.63,37,0.37,19,82,0.82,0.004661188023718732
USDMXN_otc,1256,20:56,PUT,100,63,0.63,37,0.37,19,82,0.82,0.004661188023718732
USDPHP_otc,546,09:06,PUT,100,63,0.63,37,0.37,19,82,0.82,0.004661188023718732
USDPKR_otc,1259,20:59,PUT,100,63,0.63,37,0.37,19,82,0.82,0.004661188023718732
BRLUSD_otc,87,01:27,PUT,100,62,0.62,38,0.38,20,82,0.82,0.008197535924596155
BRLUSD_otc,1290,21:30,PUT,100,62,0.62,38,0.38,20,82,0.82,0.008197535924596155
USDARS_otc,473,07:53,CALL,100,62,0.62,38,0.38,20,82,0.82,0.008197535924596155
USDARS_otc,936,15:36,CALL,100,62,0.62,38,0.38,20,82,0.82,0.008197535924596155
USDBDT_otc,88,01:28,PUT,100,62,0.62,38,0.38,20,82,0.82,0.008197535924596155
USDBDT_otc,743,12:23,PUT,100,62,0.62,38,0.38,20,82,0.82,0.008197535924596155
USDBDT_otc,1076,17:56,CALL,100,62,0.62,38,0.38,20,82,0.82,0.008197535924596155
USDCOP_otc,151,02:31,PUT,100,62,0.62,38,0.38,20,82,0.82,0.008197535924596155
USDCOP_otc,488,08:08,CALL,100,62,0.62,38,0.38,20,82,0.82,0.008197535924596155
USDCOP_otc,984,16:24,CALL,100,62,0.62,38,0.38,20,82,0.82,0.008197535924596155
USDEGP_otc,435,07:15,CALL,100,62,0.62,38,0.38,20,82,0.82,0.008197535924596155
USDEGP_otc,1190,19:50,PUT,100,62,0.62,38,0.38,20,82,0.82,0.008197535924596155
USDIDR_otc,629,10:29,CALL,100,62,0.62,38,0.38,20,82,0.82,0.008197535924596155
USDINR_otc,174,02:54,CALL,100,62,0.62,38,0.38,20,82,0.82,0.008197535924596155
USDINR_otc,270,04:30,PUT,100,62,0.62,38,0.38,20,82,0.82,0.008197535924596155
USDINR_otc,833,13:53,PUT,100,62,0.62,38,0.38,20,82,0.82,0.008197535924596155
USDMXN_otc,30,00:30,PUT,100,62,0.62,38,0.38,20,82,0.82,0.008197535924596155
USDMXN_otc,318,05:18,PUT,100,62,0.62,38,0.38,20,82,0.82,0.008197535924596155
USDMXN_otc,617,10:17,PUT,100,62,0.62,38,0.38,20,82,0.82,0.008197535924596155
USDMXN_otc,1337,22:17,PUT,100,62,0.62,38,0.38,20,82,0.82,0.008197535924596155
USDNGN_otc,285,04:45,PUT,100,62,0.62,38,0.38,20,82,0.82,0.008197535924596155
USDNGN_otc,726,12:06,PUT,100,62,0.62,38,0.38,20,82,0.82,0.008197535924596155
USDPKR_otc,153,02:33,CALL,100,62,0.62,38,0.38,20,82,0.82,0.008197535924596155
USDPKR_otc,1218,20:18,PUT,100,62,0.62,38,0.38,20,82,0.82,0.008197535924596155
USDZAR_otc,1437,23:57,CALL,100,62,0.62,38,0.38,20,82,0.82,0.008197535924596155
BRLUSD_otc,243,04:03,CALL,100,61,0.61,39,0.39,21,82,0.82,0.01390344751349859
BRLUSD_otc,585,09:45,PUT,100,61,0.61,39,0.39,21,82,0.82,0.01390344751349859
BRLUSD_otc,703,11:43,CALL,100,61,0.61,39,0.39,21,82,0.82,0.01390344751349859
USDARS_otc,405,06:45,CALL,100,61,0.61,39,0.39,21,82,0.82,0.01390344751349859
USDARS_otc,1024,17:04,PUT,100,61,0.61,39,0.39,21,82,0.82,0.01390344751349859
USDARS_otc,1261,21:01,CALL,100,61,0.61,39,0.39,21,82,0.82,0.01390344751349859
USDBDT_otc,1060,17:40,PUT,100,61,0.61,39,0.39,21,82,0.82,0.01390344751349859
USDBDT_otc,1077,17:57,PUT,100,61,0.61,39,0.39,21,82,0.82,0.01390344751349859
USDBDT_otc,1203,20:03,PUT,100,61,0.61,39,0.39,21,82,0.82,0.01390344751349859
USDBDT_otc,1322,22:02,PUT,100,61,0.61,39,0.39,21,82,0.82,0.01390344751349859
USDCOP_otc,267,04:27,PUT,100,61,0.61,39,0.39,21,82,0.82,0.01390344751349859
USDCOP_otc,309,05:09,PUT,100,61,0.61,39,0.39,21,82,0.82,0.01390344751349859
USDCOP_otc,717,11:57,PUT,100,61,0.61,39,0.39,21,82,0.82,0.01390344751349859
USDDZD_otc,844,14:04,PUT,100,61,0.61,39,0.39,21,82,0.82,0.01390344751349859
USDEGP_otc,73,01:13,CALL,100,61,0.61,39,0.39,21,82,0.82,0.01390344751349859
USDEGP_otc,157,02:37,PUT,100,61,0.61,39,0.39,21,82,0.82,0.01390344751349859
USDEGP_otc,188,03:08,PUT,100,61,0.61,39,0.39,21,82,0.82,0.01390344751349859
USDINR_otc,463,07:43,CALL,100,61,0.61,39,0.39,21,82,0.82,0.01390344751349859
USDNGN_otc,460,07:40,PUT,100,61,0.61,39,0.39,21,82,0.82,0.01390344751349859
USDNGN_otc,931,15:31,PUT,100,61,0.61,39,0.39,21,82,0.82,0.01390344751349859
USDPHP_otc,110,01:50,PUT,100,61,0.61,39,0.39,21,82,0.82,0.01390344751349859
USDPHP_otc,689,11:29,PUT,100,61,0.61,39,0.39,21,82,0.82,0.01390344751349859
USDPHP_otc,1227,20:27,PUT,100,61,0.61,39,0.39,21,82,0.82,0.01390344751349859
USDPHP_otc,1261,21:01,PUT,100,61,0.61,39,0.39,21,82,0.82,0.01390344751349859
USDPHP_otc,1270,21:10,CALL,100,61,0.61,39,0.39,21,82,0.82,0.01390344751349859
USDPKR_otc,305,05:05,PUT,100,61,0.61,39,0.39,21,82,0.82,0.01390344751349859
USDPKR_otc,463,07:43,PUT,100,61,0.61,39,0.39,21,82,0.82,0.01390344751349859
USDPKR_otc,1433,23:53,PUT,100,61,0.61,39,0.39,21,82,0.82,0.01390344751349859
USDZAR_otc,94,01:34,PUT,100,61,0.61,39,0.39,21,82,0.82,0.01390344751349859
USDZAR_otc,850,14:10,CALL,100,61,0.61,39,0.39,21,82,0.82,0.01390344751349859
USDZAR_otc,1112,18:32,PUT,100,61,0.61,39,0.39,21,82,0.82,0.01390344751349859
BRLUSD_otc,164,02:44,PUT,100,60,0.6,40,0.4,22,82,0.82,0.02275013194817921
BRLUSD_otc,207,03:27,PUT,100,60,0.6,40,0.4,22,82,0.82,0.02275013194817921
BRLUSD_otc,1057,17:37,PUT,100,60,0.6,40,0.4,22,82,0.82,0.02275013194817921
BRLUSD_otc,1423,23:43,PUT,100,60,0.6,40,0.4,22,82,0.82,0.02275013194817921
USDARS_otc,432,07:12,CALL,100,60,0.6,40,0.4,22,82,0.82,0.02275013194817921
USDARS_otc,498,08:18,CALL,100,60,0.6,40,0.4,22,82,0.82,0.02275013194817921
USDBDT_otc,509,08:29,PUT,100,60,0.6,40,0.4,22,82,0.82,0.02275013194817921
USDBDT_otc,755,12:35,PUT,100,60,0.6,40,0.4,22,82,0.82,0.02275013194817921
USDBDT_otc,865,14:25,CALL,100,60,0.6,40,0.4,22,82,0.82,0.02275013194817921
USDBDT_otc,1327,22:07,PUT,100,60,0.6,40,0.4,22,82,0.82,0.02275013194817921
USDBDT_otc,1438,23:58,PUT,100,60,0.6,40,0.4,22,82,0.82,0.02275013194817921
USDCOP_otc,442,07:22,PUT,100,60,0.6,40,0.4,22,82,0.82,0.02275013194817921
USDCOP_otc,987,16:27,PUT,100,60,0.6,40,0.4,22,82,0.82,0.02275013194817921
USDCOP_otc,1355,22:35,CALL,100,60,0.6,40,0.4,22,82,0.82,0.02275013194817921
USDDZD_otc,57,00:57,CALL,100,60,0.6,40,0.4,22,82,0.82,0.02275013194817921
USDDZD_otc,223,03:43,PUT,100,60,0.6,40,0.4,22,82,0.82,0.02275013194817921
USDDZD_otc,636,10:36,PUT,100,60,0.6,40,0.4,22,82,0.82,0.02275013194817921
USDDZD_otc,1160,19:20,PUT,100,60,0.6,40,0.4,22,82,0.82,0.02275013194817921
USDEGP_otc,163,02:43,PUT,100,60,0.6,40,0.4,22,82,0.82,0.02275013194817921
USDEGP_otc,657,10:57,PUT,100,60,0.6,40,0.4,22,82,0.82,0.02275013194817921
USDEGP_otc,937,15:37,PUT,100,60,0.6,40,0.4,22,82,0.82,0.02275013194817921
USDIDR_otc,263,04:23,CALL,100,60,0.6,40,0.4,22,82,0.82,0.02275013194817921
USDIDR_otc,490,08:10,CALL,100,60,0.6,40,0.4,22,82,0.82,0.02275013194817921
USDIDR_otc,566,09:26,CALL,100,60,0.6,40,0.4,22,82,0.82,0.02275013194817921
USDIDR_otc,807,13:27,PUT,100,60,0.6,40,0.4,22,82,0.82,0.02275013194817921
USDINR_otc,54,00:54,CALL,100,60,0.6,40,0.4,22,82,0.82,0.02275013194817921
USDINR_otc,467,07:47,PUT,100,60,0.6,40,0.4,22,82,0.82,0.02275013194817921
USDMXN_otc,555,09:15,PUT,100,60,0.6,40,0.4,22,82,0.82,0.02275013194817921
USDMXN_otc,1075,17:55,CALL,100,60,0.6,40,0.4,22,82,0.82,0.02275013194817921
USDMXN_otc,1269,21:09,PUT,100,60,0.6,40,0.4,22,82,0.82,0.02275013194817921
USDNGN_otc,336,05:36,PUT,100,60,0.6,40,0.4,22,82,0.82,0.02275013194817921
USDNGN_otc,395,06:35,PUT,100,60,0.6,40,0.4,22,82,0.82,0.02275013194817921
USDNGN_otc,552,09:12,PUT,100,60,0.6,40,0.4,22,82,0.82,0.02275013194817921
USDNGN_otc,1143,19:03,CALL,100,60,0.6,40,0.4,22,82,0.82,0.02275013194817921
USDNGN_otc,1253,20:53,PUT,100,60,0.6,40,0.4,22,82,0.82,0.02275013194817921
USDPHP_otc,801,13:21,CALL,100,60,0.6,40,0.4,22,82,0.82,0.02275013194817921
USDPHP_otc,1218,20:18,PUT,100,60,0.6,40,0.4,22,82,0.82,0.02275013194817921
USDPKR_otc,139,02:19,CALL,100,60,0.6,40,0.4,22,82,0.82,0.02275013194817921
USDPKR_otc,426,07:06,CALL,100,60,0.6,40,0.4,22,82,0.82,0.02275013194817921
USDPKR_otc,581,09:41,CALL,100,60,0.6,40,0.4,22,82,0.82,0.02275013194817921
USDPKR_otc,695,11:35,PUT,100,60,0.6,40,0.4,22,82,0.82,0.02275013194817921
USDPKR_otc,757,12:37,PUT,100,60,0.6,40,0.4,22,82,0.82,0.02275013194817921
USDPKR_otc,772,12:52,CALL,100,60,0.6,40,0.4,22,82,0.82,0.02275013194817921
USDPKR_otc,1250,20:50,PUT,100,60,0.6,40,0.4,22,82,0.82,0.02275013194817921
USDZAR_otc,246,04:06,CALL,100,60,0.6,40,0.4,22,82,0.82,0.02275013194817921
USDZAR_otc,589,09:49,PUT,100,60,0.6,40,0.4,22,82,0.82,0.02275013194817921
USDZAR_otc,952,15:52,CALL,100,60,0.6,40,0.4,22,82,0.82,0.02275013194817921
USDCOP_otc,1061,17:41,PUT,100,68,0.68,32,0.32,13,81,0.81,0.00015910859015755285
USDDZD_otc,214,03:34,PUT,100,67,0.67,33,0.33,14,81,0.81,0.0003369292656768552
USDNGN_otc,884,14:44,PUT,100,66,0.66,34,0.34,15,81,0.81,0.0006871379379158604
USDZAR_otc,741,12:21,PUT,100,66,0.66,34,0.34,15,81,0.81,0.0006871379379158604
USDDZD_otc,1149,19:09,PUT,100,65,0.65,35,0.35,16,81,0.81,0.0013498980316301035
USDEGP_otc,34,00:34,PUT,100,65,0.65,35,0.35,16,81,0.81,0.0013498980316301035
USDPHP_otc,781,13:01,PUT,100,65,0.65,35,0.35,16,81,0.81,0.0013498980316301035
USDARS_otc,1044,17:24,PUT,100,64,0.64,36,0.36,17,81,0.81,0.002555130330427924
USDCOP_otc,1008,16:48,PUT,100,64,0.64,36,0.36,17,81,0.81,0.002555130330427924
USDIDR_otc,660,11:00,CALL,100,64,0.64,36,0.36,17,81,0.81,0.002555130330427924
USDINR_otc,1342,22:22,PUT,100,64,0.64,36,0.36,17,81,0.81,0.002555130330427924
USDNGN_otc,861,14:21,PUT,100,64,0.64,36,0.36,17,81,0.81,0.002555130330427924
USDPHP_otc,453,07:33,CALL,100,64,0.64,36,0.36,17,81,0.81,0.002555130330427924
USDPKR_otc,572,09:32,PUT,100,64,0.64,36,0.36,17,81,0.81,0.002555130330427924
USDPKR_otc,687,11:27,CALL,100,64,0.64,36,0.36,17,81,0.81,0.002555130330427924
USDPKR_otc,1171,19:31,PUT,100,64,0.64,36,0.36,17,81,0.81,0.002555130330427924
BRLUSD_otc,1292,21:32,PUT,100,63,0.63,37,0.37,18,81,0.81,0.004661188023718732
USDBDT_otc,1055,17:35,PUT,100,63,0.63,37,0.37,18,81,0.81,0.004661188023718732
USDBDT_otc,1122,18:42,PUT,100,63,0.63,37,0.37,18,81,0.81,0.004661188023718732
USDBDT_otc,1209,20:09,CALL,100,63,0.63,37,0.37,18,81,0.81,0.004661188023718732
USDCOP_otc,754,12:34,PUT,100,63,0.63,37,0.37,18,81,0.81,0.004661188023718732
USDDZD_otc,336,05:36,PUT,100,63,0.63,37,0.37,18,81,0.81,0.004661188023718732
USDIDR_otc,1437,23:57,CALL,100,63,0.63,37,0.37,18,81,0.81,0.004661188023718732
USDMXN_otc,965,16:05,PUT,100,63,0.63,37,0.37,18,81,0.81,0.004661188023718732
USDNGN_otc,1293,21:33,PUT,100,63,0.63,37,0.37,18,81,0.81,0.004661188023718732
USDPKR_otc,421,07:01,PUT,100,63,0.63,37,0.37,18,81,0.81,0.004661188023718732
USDZAR_otc,119,01:59,CALL,100,63,0.63,37,0.37,18,81,0.81,0.004661188023718732
USDZAR_otc,891,14:51,CALL,100,63,0.63,37,0.37,18,81,0.81,0.004661188023718732
BRLUSD_otc,670,11:10,CALL,100,62,0.62,38,0.38,19,81,0.81,0.008197535924596155
USDARS_otc,771,12:51,PUT,100,62,0.62,38,0.38,19,81,0.81,0.008197535924596155
USDARS_otc,887,14:47,CALL,100,62,0.62,38,0.38,19,81,0.81,0.008197535924596155
USDBDT_otc,805,13:25,PUT,100,62,0.62,38,0.38,19,81,0.81,0.008197535924596155
USDBDT_otc,1208,20:08,PUT,100,62,0.62,38,0.38,19,81,0.81,0.008197535924596155
USDCOP_otc,32,00:32,PUT,100,62,0.62,38,0.38,19,81,0.81,0.008197535924596155
USDDZD_otc,751,12:31,PUT,100,62,0.62,38,0.38,19,81,0.81,0.008197535924596155
USDDZD_otc,1089,18:09,CALL,100,62,0.62,38,0.38,19,81,0.81,0.008197535924596155
USDINR_otc,699,11:39,PUT,100,62,0.62,38,0.38,19,81,0.81,0.008197535924596155
USDINR_otc,1085,18:05,PUT,100,62,0.62,38,0.38,19,81,0.81,0.008197535924596155
USDINR_otc,1094,18:14,PUT,100,62,0.62,38,0.38,19,81,0.81,0.008197535924596155
USDMXN_otc,658,10:58,CALL,100,62,0.62,38,0.38,19,81,0.81,0.008197535924596155
USDNGN_otc,1222,20:22,PUT,100,62,0.62,38,0.38,19,81,0.81,0.008197535924596155
USDPHP_otc,681,11:21,PUT,100,62,0.62,38,0.38,19,81,0.81,0.008197535924596155
USDZAR_otc,1020,17:00,CALL,100,62,0.62,38,0.38,19,81,0.81,0.008197535924596155
BRLUSD_otc,518,08:38,PUT,100,61,0.61,39,0.39,20,81,0.81,0.01390344751349859
BRLUSD_otc,815,13:35,PUT,100,61,0.61,39,0.39,20,81,0.81,0.01390344751349859
BRLUSD_otc,1134,18:54,CALL,100,61,0.61,39,0.39,20,81,0.81,0.01390344751349859
USDARS_otc,374,06:14,CALL,100,61,0.61,39,0.39,20,81,0.81,0.01390344751349859
USDARS_otc,822,13:42,CALL,100,61,0.61,39,0.39,20,81,0.81,0.01390344751349859
USDARS_otc,988,16:28,CALL,100,61,0.61,39,0.39,20,81,0.81,0.01390344751349859
USDBDT_otc,211,03:31,CALL,100,61,0.61,39,0.39,20,81,0.81,0.01390344751349859
USDBDT_otc,412,06:52,CALL,100,61,0.61,39,0.39,20,81,0.81,0.01390344751349859
USDBDT_otc,724,12:04,PUT,100,61,0.61,39,0.39,20,81,0.81,0.01390344751349859
USDBDT_otc,1198,19:58,CALL,100,61,0.61,39,0.39,20,81,0.81,0.01390344751349859
USDCOP_otc,439,07:19,PUT,100,61,0.61,39,0.39,20,81,0.81,0.01390344751349859
USDCOP_otc,760,12:40,CALL,100,61,0.61,39,0.39,20,81,0.81,0.01390344751349859
USDCOP_otc,922,15:22,PUT,100,61,0.61,39,0.39,20,81,0.81,0.01390344751349859
USDCOP_otc,1018,16:58,PUT,100,61,0.61,39,0.39,20,81,0.81,0.01390344751349859
USDCOP_otc,1104,18:24,PUT,100,61,0.61,39,0.39,20,81,0.81,0.01390344751349859
USDDZD_otc,41,00:41,CALL,100,61,0.61,39,0.39,20,81,0.81,0.01390344751349859
USDDZD_otc,93,01:33,PUT,100,61,0.61,39,0.39,20,81,0.81,0.01390344751349859
USDDZD_otc,563,09:23,CALL,100,61,0.61,39,0.39,20,81,0.81,0.01390344751349859
USDDZD_otc,943,15:43,PUT,100,61,0.61,39,0.39,20,81,0.81,0.01390344751349859
USDDZD_otc,1105,18:25,CALL,100,61,0.61,39,0.39,20,81,0.81,0.01390344751349859
USDEGP_otc,71,01:11,PUT,100,61,0.61,39,0.39,20,81,0.81,0.01390344751349859
USDEGP_otc,482,08:02,PUT,100,61,0.61,39,0.39,20,81,0.81,0.01390344751349859
USDEGP_otc,632,10:32,CALL,100,61,0.61,39,0.39,20,81,0.81,0.01390344751349859
USDIDR_otc,251,04:11,PUT,100,61,0.61,39,0.39,20,81,0.81,0.01390344751349859
USDIDR_otc,349,05:49,CALL,100,61,0.61,39,0.39,20,81,0.81,0.01390344751349859
USDIDR_otc,1333,22:13,CALL,100,61,0.61,39,0.39,20,81,0.81,0.01390344751349859
USDINR_otc,377,06:17,CALL,100,61,0.61,39,0.39,20,81,0.81,0.01390344751349859
USDINR_otc,608,10:08,CALL,100,61,0.61,39,0.39,20,81,0.81,0.01390344751349859
USDINR_otc,800,13:20,PUT,100,61,0.61,39,0.39,20,81,0.81,0.01390344751349859
USDINR_otc,841,14:01,CALL,100,61,0.61,39,0.39,20,81,0.81,0.01390344751349859
USDINR_otc,1107,18:27,PUT,100,61,0.61,39,0.39,20,81,0.81,0.01390344751349859
USDINR_otc,1337,22:17,CALL,100,61,0.61,39,0.39,20,81,0.81,0.01390344751349859
USDMXN_otc,417,06:57,CALL,100,61,0.61,39,0.39,20,81,0.81,0.01390344751349859
USDMXN_otc,621,10:21,CALL,100,61,0.61,39,0.39,20,81,0.81,0.01390344751349859
USDMXN_otc,686,11:26,CALL,100,61,0.61,39,0.39,20,81,0.81,0.01390344751349859
USDMXN_otc,1087,18:07,PUT,100,61,0.61,39,0.39,20,81,0.81,0.01390344751349859
USDNGN_otc,37,00:37,PUT,100,61,0.61,39,0.39,20,81,0.81,0.01390344751349859
USDNGN_otc,803,13:23,CALL,100,61,0.61,39,0.39,20,81,0.81,0.01390344751349859
USDNGN_otc,1181,19:41,PUT,100,61,0.61,39,0.39,20,81,0.81,0.01390344751349859
USDNGN_otc,1190,19:50,PUT,100,61,0.61,39,0.39,20,81,0.81,0.01390344751349859
USDNGN_otc,1408,23:28,PUT,100,61,0.61,39,0.39,20,81,0.81,0.01390344751349859
USDPHP_otc,239,03:59,PUT,100,61,0.61,39,0.39,20,81,0.81,0.01390344751349859
USDPHP_otc,402,06:42,PUT,100,61,0.61,39,0.39,20,81,0.81,0.01390344751349859
USDPHP_otc,1141,19:01,PUT,100,61,0.61,39,0.39,20,81,0.81,0.01390344751349859
USDPKR_otc,24,00:24,PUT,100,61,0.61,39,0.39,20,81,0.81,0.01390344751349859
USDPKR_otc,620,10:20,CALL,100,61,0.61,39,0.39,20,81,0.81,0.01390344751349859
USDPKR_otc,1294,21:34,CALL,100,61,0.61,39,0.39,20,81,0.81,0.01390344751349859
USDZAR_otc,359,05:59,PUT,100,61,0.61,39,0.39,20,81,0.81,0.01390344751349859
USDZAR_otc,455,07:35,CALL,100,61,0.61,39,0.39,20,81,0.81,0.01390344751349859
USDZAR_otc,1080,18:00,CALL,100,61,0.61,39,0.39,20,81,0.81,0.01390344751349859
BRLUSD_otc,144,02:24,PUT,100,60,0.6,40,0.4,21,81,0.81,0.02275013194817921
BRLUSD_otc,502,08:22,PUT,100,60,0.6,40,0.4,21,81,0.81,0.02275013194817921
BRLUSD_otc,816,13:36,PUT,100,60,0.6,40,0.4,21,81,0.81,0.02275013194817921
BRLUSD_otc,910,15:10,PUT,100,60,0.6,40,0.4,21,81,0.81,0.02275013194817921
BRLUSD_otc,914,15:14,CALL,100,60,0.6,40,0.4,21,81,0.81,0.02275013194817921
BRLUSD_otc,986,16:26,PUT,100,60,0.6,40,0.4,21,81,0.81,0.02275013194817921
BRLUSD_otc,1184,19:44,PUT,100,60,0.6,40,0.4,21,81,0.81,0.02275013194817921
USDARS_otc,48,00:48,PUT,100,60,0.6,40,0.4,21,81,0.81,0.02275013194817921
USDARS_otc,311,05:11,PUT,100,60,0.6,40,0.4,21,81,0.81,0.02275013194817921
USDARS_otc,569,09:29,PUT,100,60,0.6,40,0.4,21,81,0.81,0.02275013194817921
USDBDT_otc,521,08:41,CALL,100,60,0.6,40,0.4,21,81,0.81,0.02275013194817921
USDCOP_otc,156,02:36,PUT,100,60,0.6,40,0.4,21,81,0.81,0.02275013194817921
USDCOP_otc,247,04:07,PUT,100,60,0.6,40,0.4,21,81,0.81,0.02275013194817921
USDCOP_otc,1239,20:39,PUT,100,60,0.6,40,0.4,21,81,0.81,0.02275013194817921
USDCOP_otc,1378,22:58,PUT,100,60,0.6,40,0.4,21,81,0.81,0.02275013194817921
USDDZD_otc,423,07:03,PUT,100,60,0.6,40,0.4,21,81,0.81,0.02275013194817921
USDDZD_otc,1275,21:15,PUT,100,60,0.6,40,0.4,21,81,0.81,0.02275013194817921
USDEGP_otc,225,03:45,PUT,100,60,0.6,40,0.4,21,81,0.81,0.02275013194817921
USDEGP_otc,784,13:04,PUT,100,60,0.6,40,0.4,21,81,0.81,0.02275013194817921
USDEGP_otc,938,15:38,PUT,100,60,0.6,40,0.4,21,81,0.81,0.02275013194817921
USDEGP_otc,965,16:05,PUT,100,60,0.6,40,0.4,21,81,0.81,0.02275013194817921
USDIDR_otc,76,01:16,CALL,100,60,0.6,40,0.4,21,81,0.81,0.02275013194817921
USDIDR_otc,1031,17:11,PUT,100,60,0.6,40,0.4,21,81,0.81,0.02275013194817921
USDIDR_otc,1248,20:48,PUT,100,60,0.6,40,0.4,21,81,0.81,0.02275013194817921
USDIDR_otc,1401,23:21,PUT,100,60,0.6,40,0.4,21,81,0.81,0.02275013194817921
USDINR_otc,237,03:57,CALL,100,60,0.6,40,0.4,21,81,0.81,0.02275013194817921
USDINR_otc,328,05:28,CALL,100,60,0.6,40,0.4,21,81,0.81,0.02275013194817921
USDINR_otc,915,15:15,PUT,100,60,0.6,40,0.4,21,81,0.81,0.02275013194817921
USDINR_otc,1108,18:28,PUT,100,60,0.6,40,0.4,21,81,0.81,0.02275013194817921
USDINR_otc,1175,19:35,PUT,100,60,0.6,40,0.4,21,81,0.81,0.02275013194817921
USDNGN_otc,264,04:24,CALL,100,60,0.6,40,0.4,21,81,0.81,0.02275013194817921
USDNGN_otc,340,05:40,PUT,100,60,0.6,40,0.4,21,81,0.81,0.02275013194817921
USDPHP_otc,87,01:27,PUT,100,60,0.6,40,0.4,21,81,0.81,0.02275013194817921
USDPHP_otc,216,03:36,CALL,100,60,0.6,40,0.4,21,81,0.81,0.02275013194817921
USDPHP_otc,513,08:33,PUT,100,60,0.6,40,0.4,21,81,0.81,0.02275013194817921
USDPHP_otc,756,12:36,PUT,100,60,0.6,40,0.4,21,81,0.81,0.02275013194817921
USDPHP_otc,1167,19:27,PUT,100,60,0.6,40,0.4,21,81,0.81,0.02275013194817921
USDPHP_otc,1307,21:47,PUT,100,60,0.6,40,0.4,21,81,0.81,0.02275013194817921
USDPKR_otc,2,00:02,PUT,100,60,0.6,40,0.4,21,81,0.81,0.02275013194817921
USDPKR_otc,1062,17:42,PUT,100,60,0.6,40,0.4,21,81,0.81,0.02275013194817921
USDZAR_otc,973,16:13,PUT,100,60,0.6,40,0.4,21,81,0.81,0.02275013194817921
USDBDT_otc,988,16:28,CALL,100,67,0.67,33,0.33,13,80,0.8,0.0003369292656768552
BRLUSD_otc,939,15:39,PUT,100,66,0.66,34,0.34,14,80,0.8,0.0006871379379158604
USDPHP_otc,1336,22:16,PUT,100,66,0.66,34,0.34,14,80,0.8,0.0006871379379158604
USDZAR_otc,379,06:19,PUT,100,66,0.66,34,0.34,14,80,0.8,0.0006871379379158604
USDZAR_otc,466,07:46,PUT,100,66,0.66,34,0.34,14,80,0.8,0.0006871379379158604
BRLUSD_otc,970,16:10,PUT,100,65,0.65,35,0.35,15,80,0.8,0.0013498980316301035
USDCOP_otc,516,08:36,PUT,100,65,0.65,35,0.35,15,80,0.8,0.0013498980316301035
USDPHP_otc,785,13:05,PUT,100,65,0.65,35,0.35,15,80,0.8,0.0013498980316301035
USDCOP_otc,273,04:33,CALL,100,64,0.64,36,0.36,16,80,0.8,0.002555130330427924
USDCOP_otc,937,15:37,CALL,100,64,0.64,36,0.36,16,80,0.8,0.002555130330427924
USDPHP_otc,42,00:42,CALL,100,64,0.64,36,0.36,16,80,0.8,0.002555130330427924
USDPHP_otc,388,06:28,PUT,100,64,0.64,36,0.36,16,80,0.8,0.002555130330427924
USDPHP_otc,921,15:21,CALL,100,64,0.64,36,0.36,16,80,0.8,0.002555130330427924
USDPHP_otc,983,16:23,CALL,100,64,0.64,36,0.36,16,80,0.8,0.002555130330427924
BRLUSD_otc,550,09:10,PUT,100,63,0.63,37,0.37,17,80,0.8,0.004661188023718732
USDBDT_otc,13,00:13,PUT,100,63,0.63,37,0.37,17,80,0.8,0.004661188023718732
USDBDT_otc,1167,19:27,CALL,100,63,0.63,37,0.37,17,80,0.8,0.004661188023718732
USDCOP_otc,132,02:12,PUT,100,63,0.63,37,0.37,17,80,0.8,0.004661188023718732
USDDZD_otc,841,14:01,PUT,100,63,0.63,37,0.37,17,80,0.8,0.004661188023718732
USDEGP_otc,903,15:03,PUT,100,63,0.63,37,0.37,17,80,0.8,0.004661188023718732
USDEGP_otc,1230,20:30,CALL,100,63,0.63,37,0.37,17,80,0.8,0.004661188023718732
USDEGP_otc,1415,23:35,PUT,100,63,0.63,37,0.37,17,80,0.8,0.004661188023718732
USDINR_otc,653,10:53,CALL,100,63,0.63,37,0.37,17,80,0.8,0.004661188023718732
USDNGN_otc,1354,22:34,PUT,100,63,0.63,37,0.37,17,80,0.8,0.004661188023718732
USDPHP_otc,919,15:19,PUT,100,63,0.63,37,0.37,17,80,0.8,0.004661188023718732
USDPHP_otc,1425,23:45,PUT,100,63,0.63,37,0.37,17,80,0.8,0.004661188023718732
USDPKR_otc,1079,17:59,PUT,100,63,0.63,37,0.37,17,80,0.8,0.004661188023718732
USDARS_otc,594,09:54,PUT,100,62,0.62,38,0.38,18,80,0.8,0.008197535924596155
USDARS_otc,631,10:31,CALL,100,62,0.62,38,0.38,18,80,0.8,0.008197535924596155
USDARS_otc,1203,20:03,CALL,100,62,0.62,38,0.38,18,80,0.8,0.008197535924596155
USDARS_otc,1348,22:28,PUT,100,62,0.62,38,0.38,18,80,0.8,0.008197535924596155
USDCOP_otc,667,11:07,PUT,100,62,0.62,38,0.38,18,80,0.8,0.008197535924596155
USDCOP_otc,768,12:48,PUT,100,62,0.62,38,0.38,18,80,0.8,0.008197535924596155
USDDZD_otc,107,01:47,PUT,100,62,0.62,38,0.38,18,80,0.8,0.008197535924596155
USDDZD_otc,1073,17:53,PUT,100,62,0.62,38,0.38,18,80,0.8,0.008197535924596155
USDEGP_otc,569,09:29,CALL,100,62,0.62,38,0.38,18,80,0.8,0.008197535924596155
USDEGP_otc,574,09:34,PUT,100,62,0.62,38,0.38,18,80,0.8,0.008197535924596155
USDEGP_otc,823,13:43,PUT,100,62,0.62,38,0.38,18,80,0.8,0.008197535924596155
USDIDR_otc,1144,19:04,CALL,100,62,0.62,38,0.38,18,80,0.8,0.008197535924596155
USDINR_otc,136,02:16,PUT,100,62,0.62,38,0.38,18,80,0.8,0.008197535924596155
USDMXN_otc,130,02:10,CALL,100,62,0.62,38,0.38,18,80,0.8,0.008197535924596155
USDMXN_otc,1339,22:19,PUT,100,62,0.62,38,0.38,18,80,0.8,0.008197535924596155
USDNGN_otc,611,10:11,PUT,100,62,0.62,38,0.38,18,80,0.8,0.008197535924596155
USDNGN_otc,1034,17:14,PUT,100,62,0.62,38,0.38,18,80,0.8,0.008197535924596155
USDPHP_otc,1171,19:31,PUT,100,62,0.62,38,0.38,18,80,0.8,0.008197535924596155
USDPKR_otc,602,10:02,CALL,100,62,0.62,38,0.38,18,80,0.8,0.008197535924596155
USDPKR_otc,1184,19:44,CALL,100,62,0.62,38,0.38,18,80,0.8,0.008197535924596155
USDZAR_otc,936,15:36,PUT,100,62,0.62,38,0.38,18,80,0.8,0.008197535924596155
BRLUSD_otc,315,05:15,PUT,100,61,0.61,39,0.39,19,80,0.8,0.01390344751349859
USDBDT_otc,364,06:04,PUT,100,61,0.61,39,0.39,19,80,0.8,0.01390344751349859
USDBDT_otc,398,06:38,PUT,100,61,0.61,39,0.39,19,80,0.8,0.01390344751349859
USDCOP_otc,146,02:26,PUT,100,61,0.61,39,0.39,19,80,0.8,0.01390344751349859
USDCOP_otc,403,06:43,PUT,100,61,0.61,39,0.39,19,80,0.8,0.01390344751349859
USDCOP_otc,656,10:56,CALL,100,61,0.61,39,0.39,19,80,0.8,0.01390344751349859
USDDZD_otc,588,09:48,CALL,100,61,0.61,39,0.39,19,80,0.8,0.01390344751349859
USDEGP_otc,151,02:31,PUT,100,61,0.61,39,0.39,19,80,0.8,0.01390344751349859
USDEGP_otc,275,04:35,PUT,100,61,0.61,39,0.39,19,80,0.8,0.01390344751349859
USDEGP_otc,437,07:17,CALL,100,61,0.61,39,0.39,19,80,0.8,0.01390344751349859
USDIDR_otc,87,01:27,CALL,100,61,0.61,39,0.39,19,80,0.8,0.01390344751349859
USDIDR_otc,489,08:09,PUT,100,61,0.61,39,0.39,19,80,0.8,0.01390344751349859
USDINR_otc,253,04:13,PUT,100,61,0.61,39,0.39,19,80,0.8,0.01390344751349859
USDINR_otc,306,05:06,CALL,100,61,0.61,39,0.39,19,80,0.8,0.01390344751349859
USDINR_otc,355,05:55,PUT,100,61,0.61,39,0.39,19,80,0.8,0.01390344751349859
USDMXN_otc,514,08:34,PUT,100,61,0.61,39,0.39,19,80,0.8,0.01390344751349859
USDMXN_otc,1239,20:39,PUT,100,61,0.61,39,0.39,19,80,0.8,0.01390344751349859
USDNGN_otc,197,03:17,CALL,100,61,0.61,39,0.39,19,80,0.8,0.01390344751349859
USDNGN_otc,463,07:43,CALL,100,61,0.61,39,0.39,19,80,0.8,0.01390344751349859
USDNGN_otc,922,15:22,PUT,100,61,0.61,39,0.39,19,80,0.8,0.01390344751349859
USDPHP_otc,197,03:17,PUT,100,61,0.61,39,0.39,19,80,0.8,0.01390344751349859
USDPHP_otc,210,03:30,CALL,100,61,0.61,39,0.39,19,80,0.8,0.01390344751349859
USDPHP_otc,1298,21:38,PUT,100,61,0.61,39,0.39,19,80,0.8,0.01390344751349859
USDPKR_otc,690,11:30,PUT,100,61,0.61,39,0.39,19,80,0.8,0.01390344751349859
USDPKR_otc,1058,17:38,PUT,100,61,0.61,39,0.39,19,80,0.8,0.01390344751349859
USDPKR_otc,1099,18:19,PUT,100,61,0.61,39,0.39,19,80,0.8,0.01390344751349859
USDZAR_otc,692,11:32,PUT,100,61,0.61,39,0.39,19,80,0.8,0.01390344751349859
BRLUSD_otc,296,04:56,PUT,100,60,0.6,40,0.4,20,80,0.8,0.02275013194817921
BRLUSD_otc,707,11:47,PUT,100,60,0.6,40,0.4,20,80,0.8,0.02275013194817921
BRLUSD_otc,835,13:55,PUT,100,60,0.6,40,0.4,20,80,0.8,0.02275013194817921
BRLUSD_otc,898,14:58,PUT,100,60,0.6,40,0.4,20,80,0.8,0.02275013194817921
BRLUSD_otc,1003,16:43,CALL,100,60,0.6,40,0.4,20,80,0.8,0.02275013194817921
BRLUSD_otc,1062,17:42,CALL,100,60,0.6,40,0.4,20,80,0.8,0.02275013194817921
BRLUSD_otc,1436,23:56,PUT,100,60,0.6,40,0.4,20,80,0.8,0.02275013194817921
USDARS_otc,63,01:03,CALL,100,60,0.6,40,0.4,20,80,0.8,0.02275013194817921
USDARS_otc,664,11:04,CALL,100,60,0.6,40,0.4,20,80,0.8,0.02275013194817921
USDARS_otc,830,13:50,PUT,100,60,0.6,40,0.4,20,80,0.8,0.02275013194817921
USDBDT_otc,548,09:08,CALL,100,60,0.6,40,0.4,20,80,0.8,0.02275013194817921
USDBDT_otc,728,12:08,CALL,100,60,0.6,40,0.4,20,80,0.8,0.02275013194817921
USDBDT_otc,1358,22:38,PUT,100,60,0.6,40,0.4,20,80,0.8,0.02275013194817921
USDCOP_otc,153,02:33,PUT,100,60,0.6,40,0.4,20,80,0.8,0.02275013194817921
USDCOP_otc,218,03:38,CALL,100,60,0.6,40,0.4,20,80,0.8,0.02275013194817921
USDCOP_otc,645,10:45,PUT,100,60,0.6,40,0.4,20,80,0.8,0.02275013194817921
USDCOP_otc,751,12:31,PUT,100,60,0.6,40,0.4,20,80,0.8,0.02275013194817921
USDCOP_otc,1015,16:55,CALL,100,60,0.6,40,0.4,20,80,0.8,0.02275013194817921
USDCOP_otc,1329,22:09,PUT,100,60,0.6,40,0.4,20,80,0.8,0.02275013194817921
USDEGP_otc,119,01:59,CALL,100,60,0.6,40,0.4,20,80,0.8,0.02275013194817921
USDEGP_otc,372,06:12,PUT,100,60,0.6,40,0.4,20,80,0.8,0.02275013194817921
USDEGP_otc,701,11:41,PUT,100,60,0.6,40,0.4,20,80,0.8,0.02275013194817921
USDEGP_otc,704,11:44,PUT,100,60,0.6,40,0.4,20,80,0.8,0.02275013194817921
USDEGP_otc,800,13:20,PUT,100,60,0.6,40,0.4,20,80,0.8,0.02275013194817921
USDEGP_otc,807,13:27,CALL,100,60,0.6,40,0.4,20,80,0.8,0.02275013194817921
USDEGP_otc,879,14:39,CALL,100,60,0.6,40,0.4,20,80,0.8,0.02275013194817921
USDEGP_otc,925,15:25,CALL,100,60,0.6,40,0.4,20,80,0.8,0.02275013194817921
USDIDR_otc,195,03:15,CALL,100,60,0.6,40,0.4,20,80,0.8,0.02275013194817921
USDIDR_otc,217,03:37,CALL,100,60,0.6,40,0.4,20,80,0.8,0.02275013194817921
USDIDR_otc,683,11:23,CALL,100,60,0.6,40,0.4,20,80,0.8,0.02275013194817921
USDIDR_otc,816,13:36,PUT,100,60,0.6,40,0.4,20,80,0.8,0.02275013194817921
USDIDR_otc,1410,23:30,CALL,100,60,0.6,40,0.4,20,80,0.8,0.02275013194817921
USDINR_otc,479,07:59,CALL,100,60,0.6,40,0.4,20,80,0.8,0.02275013194817921
USDINR_otc,651,10:51,PUT,100,60,0.6,40,0.4,20,80,0.8,0.02275013194817921
USDINR_otc,885,14:45,PUT,100,60,0.6,40,0.4,20,80,0.8,0.02275013194817921
USDINR_otc,1268,21:08,PUT,100,60,0.6,40,0.4,20,80,0.8,0.02275013194817921
USDINR_otc,1401,23:21,CALL,100,60,0.6,40,0.4,20,80,0.8,0.02275013194817921
USDMXN_otc,52,00:52,PUT,100,60,0.6,40,0.4,20,80,0.8,0.02275013194817921
USDMXN_otc,628,10:28,CALL,100,60,0.6,40,0.4,20,80,0.8,0.02275013194817921
USDMXN_otc,740,12:20,CALL,100,60,0.6,40,0.4,20,80,0.8,0.02275013194817921
USDMXN_otc,1008,16:48,CALL,100,60,0.6,40,0.4,20,80,0.8,0.02275013194817921
USDMXN_otc,1178,19:38,PUT,100,60,0.6,40,0.4,20,80,0.8,0.02275013194817921
USDNGN_otc,224,03:44,CALL,100,60,0.6,40,0.4,20,80,0.8,0.02275013194817921
USDNGN_otc,244,04:04,PUT,100,60,0.6,40,0.4,20,80,0.8,0.02275013194817921
USDNGN_otc,541,09:01,PUT,100,60,0.6,40,0.4,20,80,0.8,0.02275013194817921
USDNGN_otc,595,09:55,PUT,100,60,0.6,40,0.4,20,80,0.8,0.02275013194817921
USDNGN_otc,879,14:39,PUT,100,60,0.6,40,0.4,20,80,0.8,0.02275013194817921
USDNGN_otc,1071,17:51,PUT,100,60,0.6,40,0.4,20,80,0.8,0.02275013194817921
USDNGN_otc,1370,22:50,PUT,100,60,0.6,40,0.4,20,80,0.8,0.02275013194817921
USDPHP_otc,790,13:10,PUT,100,60,0.6,40,0.4,20,80,0.8,0.02275013194817921
USDPKR_otc,30,00:30,CALL,100,60,0.6,40,0.4,20,80,0.8,0.02275013194817921
USDPKR_otc,615,10:15,PUT,100,60,0.6,40,0.4,20,80,0.8,0.02275013194817921
USDZAR_otc,11,00:11,CALL,100,60,0.6,40,0.4,20,80,0.8,0.02275013194817921
USDZAR_otc,1059,17:39,PUT,100,60,0.6,40,0.4,20,80,0.8,0.02275013194817921
USDZAR_otc,1063,17:43,PUT,100,60,0.6,40,0.4,20,80,0.8,0.02275013194817921
USDZAR_otc,1306,21:46,CALL,100,60,0.6,40,0.4,20,80,0.8,0.02275013194817921
USDDZD_otc,1401,23:21,PUT,100,67,0.67,33,0.33,12,79,0.79,0.0003369292656768552
USDARS_otc,1120,18:40,PUT,100,65,0.65,35,0.35,14,79,0.79,0.0013498980316301035
USDMXN_otc,1187,19:47,PUT,100,65,0.65,35,0.35,14,79,0.79,0.0013498980316301035
USDZAR_otc,1395,23:15,PUT,100,65,0.65,35,0.35,14,79,0.79,0.0013498980316301035
BRLUSD_otc,856,14:16,PUT,100,64,0.64,36,0.36,15,79,0.79,0.002555130330427924
USDEGP_otc,1195,19:55,PUT,100,64,0.64,36,0.36,15,79,0.79,0.002555130330427924
USDINR_otc,1134,18:54,PUT,100,64,0.64,36,0.36,15,79,0.79,0.002555130330427924
USDPHP_otc,340,05:40,CALL,100,64,0.64,36,0.36,15,79,0.79,0.002555130330427924
USDPHP_otc,1080,18:00,PUT,100,64,0.64,36,0.36,15,79,0.79,0.002555130330427924
USDZAR_otc,107,01:47,PUT,100,64,0.64,36,0.36,15,79,0.79,0.002555130330427924
BRLUSD_otc,314,05:14,CALL,100,63,0.63,37,0.37,16,79,0.79,0.004661188023718732
USDARS_otc,682,11:22,PUT,100,63,0.63,37,0.37,16,79,0.79,0.004661188023718732
USDBDT_otc,1256,20:56,PUT,100,63,0.63,37,0.37,16,79,0.79,0.004661188023718732
USDCOP_otc,123,02:03,PUT,100,63,0.63,37,0.37,16,79,0.79,0.004661188023718732
USDDZD_otc,308,05:08,PUT,100,63,0.63,37,0.37,16,79,0.79,0.004661188023718732
USDDZD_otc,457,07:37,PUT,100,63,0.63,37,0.37,16,79,0.79,0.004661188023718732
USDARS_otc,28,00:28,PUT,100,62,0.62,38,0.38,17,79,0.79,0.008197535924596155
USDARS_otc,1328,22:08,PUT,100,62,0.62,38,0.38,17,79,0.79,0.008197535924596155
USDARS_otc,1335,22:15,CALL,100,62,0.62,38,0.38,17,79,0.79,0.008197535924596155
USDCOP_otc,115,01:55,CALL,100,62,0.62,38,0.38,17,79,0.79,0.008197535924596155
USDCOP_otc,288,04:48,PUT,100,62,0.62,38,0.38,17,79,0.79,0.008197535924596155
USDDZD_otc,290,04:50,PUT,100,62,0.62,38,0.38,17,79,0.79,0.008197535924596155
USDEGP_otc,1288,21:28,PUT,100,62,0.62,38,0.38,17,79,0.79,0.008197535924596155
USDIDR_otc,974,16:14,CALL,100,62,0.62,38,0.38,17,79,0.79,0.008197535924596155
USDMXN_otc,110,01:50,PUT,100,62,0.62,38,0.38,17,79,0.79,0.008197535924596155
USDMXN_otc,211,03:31,PUT,100,62,0.62,38,0.38,17,79,0.79,0.008197535924596155
USDMXN_otc,1317,21:57,PUT,100,62,0.62,38,0.38,17,79,0.79,0.008197535924596155
USDNGN_otc,903,15:03,PUT,100,62,0.62,38,0.38,17,79,0.79,0.008197535924596155
USDPHP_otc,232,03:52,CALL,100,62,0.62,38,0.38,17,79,0.79,0.008197535924596155
USDPHP_otc,360,06:00,CALL,100,62,0.62,38,0.38,17,79,0.79,0.008197535924596155
USDPHP_otc,1352,22:32,CALL,100,62,0.62,38,0.38,17,79,0.79,0.008197535924596155
USDZAR_otc,1401,23:21,CALL,100,62,0.62,38,0.38,17,79,0.79,0.008197535924596155
BRLUSD_otc,922,15:22,CALL,100,61,0.61,39,0.39,18,79,0.79,0.01390344751349859
USDARS_otc,5,00:05,CALL,100,61,0.61,39,0.39,18,79,0.79,0.01390344751349859
USDARS_otc,1238,20:38,PUT,100,61,0.61,39,0.39,18,79,0.79,0.01390344751349859
USDBDT_otc,71,01:11,PUT,100,61,0.61,39,0.39,18,79,0.79,0.01390344751349859
USDCOP_otc,386,06:26,CALL,100,61,0.61,39,0.39,18,79,0.79,0.01390344751349859
USDCOP_otc,506,08:26,PUT,100,61,0.61,39,0.39,18,79,0.79,0.01390344751349859
USDCOP_otc,607,10:07,CALL,100,61,0.61,39,0.39,18,79,0.79,0.01390344751349859
USDDZD_otc,160,02:40,CALL,100,61,0.61,39,0.39,18,79,0.79,0.01390344751349859
USDDZD_otc,206,03:26,PUT,100,61,0.61,39,0.39,18,79,0.79,0.01390344751349859
USDDZD_otc,956,15:56,PUT,100,61,0.61,39,0.39,18,79,0.79,0.01390344751349859
USDEGP_otc,999,16:39,PUT,100,61,0.61,39,0.39,18,79,0.79,0.01390344751349859
USDIDR_otc,1311,21:51,CALL,100,61,0.61,39,0.39,18,79,0.79,0.01390344751349859
USDIDR_otc,1340,22:20,PUT,100,61,0.61,39,0.39,18,79,0.79,0.01390344751349859
USDINR_otc,498,08:18,PUT,100,61,0.61,39,0.39,18,79,0.79,0.01390344751349859
USDINR_otc,733,12:13,PUT,100,61,0.61,39,0.39,18,79,0.79,0.01390344751349859
USDINR_otc,1338,22:18,PUT,100,61,0.61,39,0.39,18,79,0.79,0.01390344751349859
USDMXN_otc,1304,21:44,CALL,100,61,0.61,39,0.39,18,79,0.79,0.01390344751349859
USDMXN_otc,1401,23:21,PUT,100,61,0.61,39,0.39,18,79,0.79,0.01390344751349859
USDNGN_otc,1412,23:32,PUT,100,61,0.61,39,0.39,18,79,0.79,0.01390344751349859
USDPHP_otc,279,04:39,PUT,100,61,0.61,39,0.39,18,79,0.79,0.01390344751349859
USDPHP_otc,331,05:31,PUT,100,61,0.61,39,0.39,18,79,0.79,0.01390344751349859
USDPHP_otc,335,05:35,PUT,100,61,0.61,39,0.39,18,79,0.79,0.01390344751349859
USDPHP_otc,585,09:45,CALL,100,61,0.61,39,0.39,18,79,0.79,0.01390344751349859
USDPHP_otc,885,14:45,PUT,100,61,0.61,39,0.39,18,79,0.79,0.01390344751349859
USDPKR_otc,555,09:15,PUT,100,61,0.61,39,0.39,18,79,0.79,0.01390344751349859
USDPKR_otc,1225,20:25,CALL,100,61,0.61,39,0.39,18,79,0.79,0.01390344751349859
USDPKR_otc,1376,22:56,PUT,100,61,0.61,39,0.39,18,79,0.79,0.01390344751349859
BRLUSD_otc,806,13:26,PUT,100,60,0.6,40,0.4,19,79,0.79,0.02275013194817921
BRLUSD_otc,1045,17:25,CALL,100,60,0.6,40,0.4,19,79,0.79,0.02275013194817921
BRLUSD_otc,1109,18:29,PUT,100,60,0.6,40,0.4,19,79,0.79,0.02275013194817921
BRLUSD_otc,1178,19:38,CALL,100,60,0.6,40,0.4,19,79,0.79,0.02275013194817921
USDARS_otc,955,15:55,PUT,100,60,0.6,40,0.4,19,79,0.79,0.02275013194817921
USDARS_otc,983,16:23,CALL,100,60,0.6,40,0.4,19,79,0.79,0.02275013194817921
USDARS_otc,1091,18:11,CALL,100,60,0.6,40,0.4,19,79,0.79,0.02275013194817921
USDBDT_otc,1258,20:58,CALL,100,60,0.6,40,0.4,19,79,0.79,0.02275013194817921
USDCOP_otc,137,02:17,PUT,100,60,0.6,40,0.4,19,79,0.79,0.02275013194817921
USDCOP_otc,139,02:19,CALL,100,60,0.6,40,0.4,19,79,0.79,0.02275013194817921
USDCOP_otc,798,13:18,PUT,100,60,0.6,40,0.4,19,79,0.79,0.02275013194817921
USDCOP_otc,854,14:14,CALL,100,60,0.6,40,0.4,19,79,0.79,0.02275013194817921
USDCOP_otc,998,16:38,PUT,100,60,0.6,40,0.4,19,79,0.79,0.02275013194817921
USDDZD_otc,145,02:25,CALL,100,60,0.6,40,0.4,19,79,0.79,0.02275013194817921
USDDZD_otc,577,09:37,CALL,100,60,0.6,40,0.4,19,79,0.79,0.02275013194817921
USDDZD_otc,940,15:40,PUT,100,60,0.6,40,0.4,19,79,0.79,0.02275013194817921
USDDZD_otc,1338,22:18,PUT,100,60,0.6,40,0.4,19,79,0.79,0.02275013194817921
USDEGP_otc,204,03:24,PUT,100,60,0.6,40,0.4,19,79,0.79,0.02275013194817921
USDEGP_otc,498,08:18,PUT,100,60,0.6,40,0.4,19,79,0.79,0.02275013194817921
USDEGP_otc,1041,17:21,PUT,100,60,0.6,40,0.4,19,79,0.79,0.02275013194817921
USDEGP_otc,1112,18:32,CALL,100,60,0.6,40,0.4,19,79,0.79,0.02275013194817921
USDEGP_otc,1136,18:56,CALL,100,60,0.6,40,0.4,19,79,0.79,0.02275013194817921
USDEGP_otc,1233,20:33,PUT,100,60,0.6,40,0.4,19,79,0.79,0.02275013194817921
USDIDR_otc,71,01:11,PUT,100,60,0.6,40,0.4,19,79,0.79,0.02275013194817921
USDIDR_otc,162,02:42,PUT,100,60,0.6,40,0.4,19,79,0.79,0.02275013194817921
USDIDR_otc,595,09:55,CALL,100,60,0.6,40,0.4,19,79,0.79,0.02275013194817921
USDIDR_otc,819,13:39,PUT,100,60,0.6,40,0.4,19,79,0.79,0.02275013194817921
USDIDR_otc,920,15:20,PUT,100,60,0.6,40,0.4,19,79,0.79,0.02275013194817921
USDIDR_otc,952,15:52,PUT,100,60,0.6,40,0.4,19,79,0.79,0.02275013194817921
USDIDR_otc,1110,18:30,CALL,100,60,0.6,40,0.4,19,79,0.79,0.02275013194817921
USDIDR_otc,1438,23:58,CALL,100,60,0.6,40,0.4,19,79,0.79,0.02275013194817921
USDINR_otc,80,01:20,PUT,100,60,0.6,40,0.4,19,79,0.79,0.02275013194817921
USDINR_otc,261,04:21,CALL,100,60,0.6,40,0.4,19,79,0.79,0.02275013194817921
USDINR_otc,607,10:07,PUT,100,60,0.6,40,0.4,19,79,0.79,0.02275013194817921
USDINR_otc,849,14:09,PUT,100,60,0.6,40,0.4,19,79,0.79,0.02275013194817921
USDINR_otc,1059,17:39,CALL,100,60,0.6,40,0.4,19,79,0.79,0.02275013194817921
USDINR_otc,1294,21:34,PUT,100,60,0.6,40,0.4,19,79,0.79,0.02275013194817921
USDMXN_otc,103,01:43,PUT,100,60,0.6,40,0.4,19,79,0.79,0.02275013194817921
USDMXN_otc,567,09:27,CALL,100,60,0.6,40,0.4,19,79,0.79,0.02275013194817921
USDMXN_otc,660,11:00,PUT,100,60,0.6,40,0.4,19,79,0.79,0.02275013194817921
USDMXN_otc,696,11:36,PUT,100,60,0.6,40,0.4,19,79,0.79,0.02275013194817921
USDMXN_otc,995,16:35,CALL,100,60,0.6,40,0.4,19,79,0.79,0.02275013194817921
USDNGN_otc,9,00:09,PUT,100,60,0.6,40,0.4,19,79,0.79,0.02275013194817921
USDNGN_otc,233,03:53,PUT,100,60,0.6,40,0.4,19,79,0.79,0.02275013194817921
USDNGN_otc,605,10:05,PUT,100,60,0.6,40,0.4,19,79,0.79,0.02275013194817921
USDNGN_otc,881,14:41,CALL,100,60,0.6,40,0.4,19,79,0.79,0.02275013194817921
USDNGN_otc,1036,17:16,PUT,100,60,0.6,40,0.4,19,79,0.79,0.02275013194817921
USDPHP_otc,7,00:07,PUT,100,60,0.6,40,0.4,19,79,0.79,0.02275013194817921
USDPHP_otc,181,03:01,CALL,100,60,0.6,40,0.4,19,79,0.79,0.02275013194817921
USDPHP_otc,409,06:49,CALL,100,60,0.6,40,0.4,19,79,0.79,0.02275013194817921
USDPHP_otc,658,10:58,PUT,100,60,0.6,40,0.4,19,79,0.79,0.02275013194817921
USDPKR_otc,91,01:31,CALL,100,60,0.6,40,0.4,19,79,0.79,0.02275013194817921
USDPKR_otc,260,04:20,CALL,100,60,0.6,40,0.4,19,79,0.79,0.02275013194817921
USDPKR_otc,389,06:29,PUT,100,60,0.6,40,0.4,19,79,0.79,0.02275013194817921
USDPKR_otc,954,15:54,PUT,100,60,0.6,40,0.4,19,79,0.79,0.02275013194817921
USDPKR_otc,1069,17:49,PUT,100,60,0.6,40,0.4,19,79,0.79,0.02275013194817921
USDPKR_otc,1148,19:08,CALL,100,60,0.6,40,0.4,19,79,0.79,0.02275013194817921
USDZAR_otc,204,03:24,CALL,100,60,0.6,40,0.4,19,79,0.79,0.02275013194817921
USDZAR_otc,1362,22:42,PUT,100,60,0.6,40,0.4,19,79,0.79,0.02275013194817921
USDZAR_otc,1386,23:06,CALL,100,60,0.6,40,0.4,19,79,0.79,0.02275013194817921
USDPHP_otc,1269,21:09,PUT,100,66,0.66,34,0.34,12,78,0.78,0.0006871379379158604
USDBDT_otc,1331,22:11,CALL,100,64,0.64,36,0.36,14,78,0.78,0.002555130330427924
USDCOP_otc,17,00:17,CALL,100,64,0.64,36,0.36,14,78,0.78,0.002555130330427924
USDCOP_otc,826,13:46,PUT,100,64,0.64,36,0.36,14,78,0.78,0.002555130330427924
USDMXN_otc,832,13:52,PUT,100,64,0.64,36,0.36,14,78,0.78,0.002555130330427924
USDNGN_otc,648,10:48,PUT,100,64,0.64,36,0.36,14,78,0.78,0.002555130330427924
USDZAR_otc,601,10:01,CALL,100,64,0.64,36,0.36,14,78,0.78,0.002555130330427924
USDARS_otc,610,10:10,CALL,100,63,0.63,37,0.37,15,78,0.78,0.004661188023718732
USDEGP_otc,385,06:25,PUT,100,63,0.63,37,0.37,15,78,0.78,0.004661188023718732
USDIDR_otc,559,09:19,CALL,100,63,0.63,37,0.37,15,78,0.78,0.004661188023718732
USDINR_otc,714,11:54,PUT,100,63,0.63,37,0.37,15,78,0.78,0.004661188023718732
USDPKR_otc,877,14:37,CALL,100,63,0.63,37,0.37,15,78,0.78,0.004661188023718732
USDARS_otc,313,05:13,PUT,100,62,0.62,38,0.38,16,78,0.78,0.008197535924596155
USDCOP_otc,198,03:18,PUT,100,62,0.62,38,0.38,16,78,0.78,0.008197535924596155
USDCOP_otc,590,09:50,CALL,100,62,0.62,38,0.38,16,78,0.78,0.008197535924596155
USDCOP_otc,743,12:23,CALL,100,62,0.62,38,0.38,16,78,0.78,0.008197535924596155
USDCOP_otc,970,16:10,CALL,100,62,0.62,38,0.38,16,78,0.78,0.008197535924596155
USDIDR_otc,1183,19:43,CALL,100,62,0.62,38,0.38,16,78,0.78,0.008197535924596155
USDINR_otc,385,06:25,PUT,100,62,0.62,38,0.38,16,78,0.78,0.008197535924596155
USDINR_otc,729,12:09,PUT,100,62,0.62,38,0.38,16,78,0.78,0.008197535924596155
USDNGN_otc,135,02:15,PUT,100,62,0.62,38,0.38,16,78,0.78,0.008197535924596155
USDNGN_otc,1307,21:47,PUT,100,62,0.62,38,0.38,16,78,0.78,0.008197535924596155
USDZAR_otc,475,07:55,PUT,100,62,0.62,38,0.38,16,78,0.78,0.008197535924596155
BRLUSD_otc,312,05:12,PUT,100,61,0.61,39,0.39,17,78,0.78,0.01390344751349859
BRLUSD_otc,1253,20:53,CALL,100,61,0.61,39,0.39,17,78,0.78,0.01390344751349859
USDARS_otc,797,13:17,CALL,100,61,0.61,39,0.39,17,78,0.78,0.01390344751349859
USDBDT_otc,383,06:23,PUT,100,61,0.61,39,0.39,17,78,0.78,0.01390344751349859
USDBDT_otc,669,11:09,CALL,100,61,0.61,39,0.39,17,78,0.78,0.01390344751349859
USDBDT_otc,915,15:15,CALL,100,61,0.61,39,0.39,17,78,0.78,0.01390344751349859
USDCOP_otc,21,00:21,PUT,100,61,0.61,39,0.39,17,78,0.78,0.01390344751349859
USDEGP_otc,222,03:42,PUT,100,61,0.61,39,0.39,17,78,0.78,0.01390344751349859
USDEGP_otc,302,05:02,CALL,100,61,0.61,39,0.39,17,78,0.78,0.01390344751349859
USDEGP_otc,742,12:22,PUT,100,61,0.61,39,0.39,17,78,0.78,0.01390344751349859
USDIDR_otc,97,01:37,CALL,100,61,0.61,39,0.39,17,78,0.78,0.01390344751349859
USDIDR_otc,118,01:58,CALL,100,61,0.61,39,0.39,17,78,0.78,0.01390344751349859
USDMXN_otc,395,06:35,CALL,100,61,0.61,39,0.39,17,78,0.78,0.01390344751349859
USDMXN_otc,410,06:50,CALL,100,61,0.61,39,0.39,17,78,0.78,0.01390344751349859
USDMXN_otc,675,11:15,PUT,100,61,0.61,39,0.39,17,78,0.78,0.01390344751349859
USDMXN_otc,679,11:19,CALL,100,61,0.61,39,0.39,17,78,0.78,0.01390344751349859
USDMXN_otc,725,12:05,PUT,100,61,0.61,39,0.39,17,78,0.78,0.01390344751349859
USDMXN_otc,728,12:08,CALL,100,61,0.61,39,0.39,17,78,0.78,0.01390344751349859
USDNGN_otc,223,03:43,PUT,100,61,0.61,39,0.39,17,78,0.78,0.01390344751349859
USDNGN_otc,402,06:42,CALL,100,61,0.61,39,0.39,17,78,0.78,0.01390344751349859
USDNGN_otc,890,14:50,PUT,100,61,0.61,39,0.39,17,78,0.78,0.01390344751349859
USDPKR_otc,300,05:00,CALL,100,61,0.61,39,0.39,17,78,0.78,0.01390344751349859
USDZAR_otc,1376,22:56,CALL,100,61,0.61,39,0.39,17,78,0.78,0.01390344751349859
BRLUSD_otc,33,00:33,PUT,100,60,0.6,40,0.4,18,78,0.78,0.02275013194817921
BRLUSD_otc,83,01:23,CALL,100,60,0.6,40,0.4,18,78,0.78,0.02275013194817921
BRLUSD_otc,569,09:29,PUT,100,60,0.6,40,0.4,18,78,0.78,0.02275013194817921
BRLUSD_otc,612,10:12,CALL,100,60,0.6,40,0.4,18,78,0.78,0.02275013194817921
BRLUSD_otc,1371,22:51,PUT,100,60,0.6,40,0.4,18,78,0.78,0.02275013194817921
USDARS_otc,380,06:20,CALL,100,60,0.6,40,0.4,18,78,0.78,0.02275013194817921
USDARS_otc,624,10:24,CALL,100,60,0.6,40,0.4,18,78,0.78,0.02275013194817921
USDBDT_otc,505,08:25,PUT,100,60,0.6,40,0.4,18,78,0.78,0.02275013194817921
USDBDT_otc,698,11:38,PUT,100,60,0.6,40,0.4,18,78,0.78,0.02275013194817921
USDBDT_otc,770,12:50,CALL,100,60,0.6,40,0.4,18,78,0.78,0.02275013194817921
USDCOP_otc,695,11:35,PUT,100,60,0.6,40,0.4,18,78,0.78,0.02275013194817921
USDCOP_otc,939,15:39,CALL,100,60,0.6,40,0.4,18,78,0.78,0.02275013194817921
USDDZD_otc,89,01:29,PUT,100,60,0.6,40,0.4,18,78,0.78,0.02275013194817921
USDDZD_otc,686,11:26,PUT,100,60,0.6,40,0.4,18,78,0.78,0.02275013194817921
USDDZD_otc,706,11:46,PUT,100,60,0.6,40,0.4,18,78,0.78,0.02275013194817921
USDEGP_otc,17,00:17,PUT,100,60,0.6,40,0.4,18,78,0.78,0.02275013194817921
USDEGP_otc,20,00:20,PUT,100,60,0.6,40,0.4,18,78,0.78,0.02275013194817921
USDEGP_otc,400,06:40,PUT,100,60,0.6,40,0.4,18,78,0.78,0.02275013194817921
USDEGP_otc,596,09:56,PUT,100,60,0.6,40,0.4,18,78,0.78,0.02275013194817921
USDEGP_otc,674,11:14,CALL,100,60,0.6,40,0.4,18,78,0.78,0.02275013194817921
USDEGP_otc,1259,20:59,PUT,100,60,0.6,40,0.4,18,78,0.78,0.02275013194817921
USDIDR_otc,429,07:09,CALL,100,60,0.6,40,0.4,18,78,0.78,0.02275013194817921
USDIDR_otc,642,10:42,CALL,100,60,0.6,40,0.4,18,78,0.78,0.02275013194817921
USDIDR_otc,804,13:24,PUT,100,60,0.6,40,0.4,18,78,0.78,0.02275013194817921
USDIDR_otc,926,15:26,PUT,100,60,0.6,40,0.4,18,78,0.78,0.02275013194817921
USDIDR_otc,988,16:28,PUT,100,60,0.6,40,0.4,18,78,0.78,0.02275013194817921
USDINR_otc,321,05:21,CALL,100,60,0.6,40,0.4,18,78,0.78,0.02275013194817921
USDMXN_otc,1103,18:23,PUT,100,60,0.6,40,0.4,18,78,0.78,0.02275013194817921
USDNGN_otc,814,13:34,PUT,100,60,0.6,40,0.4,18,78,0.78,0.02275013194817921
USDNGN_otc,1142,19:02,PUT,100,60,0.6,40,0.4,18,78,0.78,0.02275013194817921
USDPHP_otc,125,02:05,CALL,100,60,0.6,40,0.4,18,78,0.78,0.02275013194817921
USDPHP_otc,419,06:59,PUT,100,60,0.6,40,0.4,18,78,0.78,0.02275013194817921
USDPHP_otc,615,10:15,PUT,100,60,0.6,40,0.4,18,78,0.78,0.02275013194817921
USDPHP_otc,714,11:54,PUT,100,60,0.6,40,0.4,18,78,0.78,0.02275013194817921
USDPHP_otc,766,12:46,CALL,100,60,0.6,40,0.4,18,78,0.78,0.02275013194817921
USDPHP_otc,999,16:39,PUT,100,60,0.6,40,0.4,18,78,0.78,0.02275013194817921
USDPHP_otc,1009,16:49,PUT,100,60,0.6,40,0.4,18,78,0.78,0.02275013194817921
USDPKR_otc,227,03:47,PUT,100,60,0.6,40,0.4,18,78,0.78,0.02275013194817921
USDPKR_otc,268,04:28,PUT,100,60,0.6,40,0.4,18,78,0.78,0.02275013194817921
USDPKR_otc,569,09:29,PUT,100,60,0.6,40,0.4,18,78,0.78,0.02275013194817921
USDPKR_otc,580,09:40,PUT,100,60,0.6,40,0.4,18,78,0.78,0.02275013194817921
USDPKR_otc,769,12:49,PUT,100,60,0.6,40,0.4,18,78,0.78,0.02275013194817921
USDPKR_otc,797,13:17,PUT,100,60,0.6,40,0.4,18,78,0.78,0.02275013194817921
USDPKR_otc,832,13:52,PUT,100,60,0.6,40,0.4,18,78,0.78,0.02275013194817921
USDPKR_otc,1010,16:50,CALL,100,60,0.6,40,0.4,18,78,0.78,0.02275013194817921
USDZAR_otc,125,02:05,CALL,100,60,0.6,40,0.4,18,78,0.78,0.02275013194817921
USDZAR_otc,175,02:55,PUT,100,60,0.6,40,0.4,18,78,0.78,0.02275013194817921
USDZAR_otc,498,08:18,PUT,100,60,0.6,40,0.4,18,78,0.78,0.02275013194817921
USDZAR_otc,1212,20:12,PUT,100,60,0.6,40,0.4,18,78,0.78,0.02275013194817921
USDZAR_otc,1253,20:53,CALL,100,60,0.6,40,0.4,18,78,0.78,0.02275013194817921
USDIDR_otc,255,04:15,CALL,100,67,0.67,33,0.33,10,77,0.77,0.0003369292656768552
BRLUSD_otc,1327,22:07,PUT,100,65,0.65,35,0.35,12,77,0.77,0.0013498980316301035
USDBDT_otc,359,05:59,CALL,100,64,0.64,36,0.36,13,77,0.77,0.002555130330427924
USDPHP_otc,1152,19:12,PUT,100,64,0.64,36,0.36,13,77,0.77,0.002555130330427924
USDARS_otc,141,02:21,CALL,100,63,0.63,37,0.37,14,77,0.77,0.004661188023718732
USDIDR_otc,435,07:15,CALL,100,63,0.63,37,0.37,14,77,0.77,0.004661188023718732
USDARS_otc,779,12:59,PUT,100,62,0.62,38,0.38,15,77,0.77,0.008197535924596155
USDCOP_otc,1021,17:01,PUT,100,62,0.62,38,0.38,15,77,0.77,0.008197535924596155
USDEGP_otc,88,01:28,PUT,100,62,0.62,38,0.38,15,77,0.77,0.008197535924596155
USDEGP_otc,541,09:01,PUT,100,62,0.62,38,0.38,15,77,0.77,0.008197535924596155
USDIDR_otc,1428,23:48,PUT,100,62,0.62,38,0.38,15,77,0.77,0.008197535924596155
USDNGN_otc,974,16:14,PUT,100,62,0.62,38,0.38,15,77,0.77,0.008197535924596155
USDZAR_otc,1296,21:36,PUT,100,62,0.62,38,0.38,15,77,0.77,0.008197535924596155
BRLUSD_otc,86,01:26,CALL,100,61,0.61,39,0.39,16,77,0.77,0.01390344751349859
USDARS_otc,899,14:59,CALL,100,61,0.61,39,0.39,16,77,0.77,0.01390344751349859
USDBDT_otc,17,00:17,PUT,100,61,0.61,39,0.39,16,77,0.77,0.01390344751349859
USDDZD_otc,131,02:11,PUT,100,61,0.61,39,0.39,16,77,0.77,0.01390344751349859
USDDZD_otc,401,06:41,CALL,100,61,0.61,39,0.39,16,77,0.77,0.01390344751349859
USDDZD_otc,688,11:28,PUT,100,61,0.61,39,0.39,16,77,0.77,0.01390344751349859
USDDZD_otc,901,15:01,CALL,100,61,0.61,39,0.39,16,77,0.77,0.01390344751349859
USDEGP_otc,928,15:28,PUT,100,61,0.61,39,0.39,16,77,0.77,0.01390344751349859
USDIDR_otc,238,03:58,CALL,100,61,0.61,39,0.39,16,77,0.77,0.01390344751349859
USDIDR_otc,713,11:53,PUT,100,61,0.61,39,0.39,16,77,0.77,0.01390344751349859
USDINR_otc,788,13:08,PUT,100,61,0.61,39,0.39,16,77,0.77,0.01390344751349859
USDNGN_otc,582,09:42,PUT,100,61,0.61,39,0.39,16,77,0.77,0.01390344751349859
USDNGN_otc,667,11:07,PUT,100,61,0.61,39,0.39,16,77,0.77,0.01390344751349859
USDPHP_otc,472,07:52,PUT,100,61,0.61,39,0.39,16,77,0.77,0.01390344751349859
USDPHP_otc,656,10:56,CALL,100,61,0.61,39,0.39,16,77,0.77,0.01390344751349859
USDZAR_otc,33,00:33,PUT,100,61,0.61,39,0.39,16,77,0.77,0.01390344751349859
USDZAR_otc,1285,21:25,PUT,100,61,0.61,39,0.39,16,77,0.77,0.01390344751349859
BRLUSD_otc,4,00:04,CALL,100,60,0.6,40,0.4,17,77,0.77,0.02275013194817921
BRLUSD_otc,49,00:49,CALL,100,60,0.6,40,0.4,17,77,0.77,0.02275013194817921
BRLUSD_otc,169,02:49,PUT,100,60,0.6,40,0.4,17,77,0.77,0.02275013194817921
BRLUSD_otc,639,10:39,CALL,100,60,0.6,40,0.4,17,77,0.77,0.02275013194817921
BRLUSD_otc,651,10:51,PUT,100,60,0.6,40,0.4,17,77,0.77,0.02275013194817921
BRLUSD_otc,896,14:56,PUT,100,60,0.6,40,0.4,17,77,0.77,0.02275013194817921
BRLUSD_otc,995,16:35,PUT,100,60,0.6,40,0.4,17,77,0.77,0.02275013194817921
BRLUSD_otc,1119,18:39,PUT,100,60,0.6,40,0.4,17,77,0.77,0.02275013194817921
USDARS_otc,407,06:47,PUT,100,60,0.6,40,0.4,17,77,0.77,0.02275013194817921
USDARS_otc,413,06:53,CALL,100,60,0.6,40,0.4,17,77,0.77,0.02275013194817921
USDARS_otc,870,14:30,PUT,100,60,0.6,40,0.4,17,77,0.77,0.02275013194817921
USDARS_otc,1421,23:41,PUT,100,60,0.6,40,0.4,17,77,0.77,0.02275013194817921
USDBDT_otc,366,06:06,PUT,100,60,0.6,40,0.4,17,77,0.77,0.02275013194817921
USDBDT_otc,1044,17:24,CALL,100,60,0.6,40,0.4,17,77,0.77,0.02275013194817921
USDCOP_otc,35,00:35,CALL,100,60,0.6,40,0.4,17,77,0.77,0.02275013194817921
USDCOP_otc,160,02:40,PUT,100,60,0.6,40,0.4,17,77,0.77,0.02275013194817921
USDCOP_otc,221,03:41,PUT,100,60,0.6,40,0.4,17,77,0.77,0.02275013194817921
USDCOP_otc,239,03:59,PUT,100,60,0.6,40,0.4,17,77,0.77,0.02275013194817921
USDCOP_otc,264,04:24,CALL,100,60,0.6,40,0.4,17,77,0.77,0.02275013194817921
USDCOP_otc,289,04:49,CALL,100,60,0.6,40,0.4,17,77,0.77,0.02275013194817921
USDCOP_otc,740,12:20,PUT,100,60,0.6,40,0.4,17,77,0.77,0.02275013194817921
USDCOP_otc,746,12:26,PUT,100,60,0.6,40,0.4,17,77,0.77,0.02275013194817921
USDDZD_otc,440,07:20,CALL,100,60,0.6,40,0.4,17,77,0.77,0.02275013194817921
USDEGP_otc,711,11:51,PUT,100,60,0.6,40,0.4,17,77,0.77,0.02275013194817921
USDEGP_otc,1191,19:51,PUT,100,60,0.6,40,0.4,17,77,0.77,0.02275013194817921
USDIDR_otc,268,04:28,PUT,100,60,0.6,40,0.4,17,77,0.77,0.02275013194817921
USDIDR_otc,470,07:50,CALL,100,60,0.6,40,0.4,17,77,0.77,0.02275013194817921
USDIDR_otc,699,11:39,PUT,100,60,0.6,40,0.4,17,77,0.77,0.02275013194817921
USDINR_otc,51,00:51,PUT,100,60,0.6,40,0.4,17,77,0.77,0.02275013194817921
USDINR_otc,899,14:59,PUT,100,60,0.6,40,0.4,17,77,0.77,0.02275013194817921
USDINR_otc,1121,18:41,PUT,100,60,0.6,40,0.4,17,77,0.77,0.02275013194817921
USDMXN_otc,198,03:18,CALL,100,60,0.6,40,0.4,17,77,0.77,0.02275013194817921
USDMXN_otc,788,13:08,PUT,100,60,0.6,40,0.4,17,77,0.77,0.02275013194817921
USDNGN_otc,370,06:10,PUT,100,60,0.6,40,0.4,17,77,0.77,0.02275013194817921
USDNGN_otc,833,13:53,PUT,100,60,0.6,40,0.4,17,77,0.77,0.02275013194817921
USDNGN_otc,1026,17:06,PUT,100,60,0.6,40,0.4,17,77,0.77,0.02275013194817921
USDNGN_otc,1192,19:52,PUT,100,60,0.6,40,0.4,17,77,0.77,0.02275013194817921
USDNGN_otc,1207,20:07,PUT,100,60,0.6,40,0.4,17,77,0.77,0.02275013194817921
USDNGN_otc,1276,21:16,PUT,100,60,0.6,40,0.4,17,77,0.77,0.02275013194817921
USDPKR_otc,316,05:16,PUT,100,60,0.6,40,0.4,17,77,0.77,0.02275013194817921
USDPKR_otc,1210,20:10,PUT,100,60,0.6,40,0.4,17,77,0.77,0.02275013194817921
USDZAR_otc,437,07:17,PUT,100,60,0.6,40,0.4,17,77,0.77,0.02275013194817921
USDZAR_otc,797,13:17,CALL,100,60,0.6,40,0.4,17,77,0.77,0.02275013194817921
USDZAR_otc,869,14:29,PUT,100,60,0.6,40,0.4,17,77,0.77,0.02275013194817921
USDDZD_otc,156,02:36,PUT,100,64,0.64,36,0.36,12,76,0.76,0.002555130330427924
USDZAR_otc,1117,18:37,PUT,100,64,0.64,36,0.36,12,76,0.76,0.002555130330427924
USDBDT_otc,685,11:25,PUT,100,63,0.63,37,0.37,13,76,0.76,0.004661188023718732
USDMXN_otc,938,15:38,CALL,100,63,0.63,37,0.37,13,76,0.76,0.004661188023718732
USDMXN_otc,1303,21:43,PUT,100,63,0.63,37,0.37,13,76,0.76,0.004661188023718732
USDZAR_otc,238,03:58,PUT,100,63,0.63,37,0.37,13,76,0.76,0.004661188023718732
USDCOP_otc,771,12:51,PUT,100,62,0.62,38,0.38,14,76,0.76,0.008197535924596155
USDCOP_otc,1255,20:55,CALL,100,62,0.62,38,0.38,14,76,0.76,0.008197535924596155
USDDZD_otc,545,09:05,PUT,100,62,0.62,38,0.38,14,76,0.76,0.008197535924596155
USDIDR_otc,884,14:44,CALL,100,62,0.62,38,0.38,14,76,0.76,0.008197535924596155
USDMXN_otc,866,14:26,PUT,100,62,0.62,38,0.38,14,76,0.76,0.008197535924596155
USDPHP_otc,489,08:09,PUT,100,62,0.62,38,0.38,14,76,0.76,0.008197535924596155
USDPKR_otc,1317,21:57,CALL,100,62,0.62,38,0.38,14,76,0.76,0.008197535924596155
BRLUSD_otc,977,16:17,CALL,100,61,0.61,39,0.39,15,76,0.76,0.01390344751349859
USDARS_otc,343,05:43,CALL,100,61,0.61,39,0.39,15,76,0.76,0.01390344751349859
USDBDT_otc,946,15:46,PUT,100,61,0.61,39,0.39,15,76,0.76,0.01390344751349859
USDBDT_otc,1267,21:07,PUT,100,61,0.61,39,0.39,15,76,0.76,0.01390344751349859
USDCOP_otc,378,06:18,PUT,100,61,0.61,39,0.39,15,76,0.76,0.01390344751349859
USDCOP_otc,435,07:15,PUT,100,61,0.61,39,0.39,15,76,0.76,0.01390344751349859
USDCOP_otc,471,07:51,PUT,100,61,0.61,39,0.39,15,76,0.76,0.01390344751349859
USDCOP_otc,566,09:26,CALL,100,61,0.61,39,0.39,15,76,0.76,0.01390344751349859
USDEGP_otc,178,02:58,CALL,100,61,0.61,39,0.39,15,76,0.76,0.01390344751349859
USDEGP_otc,1361,22:41,CALL,100,61,0.61,39,0.39,15,76,0.76,0.01390344751349859
USDMXN_otc,217,03:37,PUT,100,61,0.61,39,0.39,15,76,0.76,0.01390344751349859
USDZAR_otc,245,04:05,PUT,100,61,0.61,39,0.39,15,76,0.76,0.01390344751349859
BRLUSD_otc,849,14:09,PUT,100,60,0.6,40,0.4,16,76,0.76,0.02275013194817921
USDARS_otc,516,08:36,PUT,100,60,0.6,40,0.4,16,76,0.76,0.02275013194817921
USDARS_otc,556,09:16,CALL,100,60,0.6,40,0.4,16,76,0.76,0.02275013194817921
USDARS_otc,1401,23:21,CALL,100,60,0.6,40,0.4,16,76,0.76,0.02275013194817921
USDARS_otc,1409,23:29,PUT,100,60,0.6,40,0.4,16,76,0.76,0.02275013194817921
USDBDT_otc,25,00:25,CALL,100,60,0.6,40,0.4,16,76,0.76,0.02275013194817921
USDBDT_otc,802,13:22,PUT,100,60,0.6,40,0.4,16,76,0.76,0.02275013194817921
USDCOP_otc,1231,20:31,CALL,100,60,0.6,40,0.4,16,76,0.76,0.02275013194817921
USDDZD_otc,149,02:29,CALL,100,60,0.6,40,0.4,16,76,0.76,0.02275013194817921
USDDZD_otc,618,10:18,CALL,100,60,0.6,40,0.4,16,76,0.76,0.02275013194817921
USDDZD_otc,1047,17:27,CALL,100,60,0.6,40,0.4,16,76,0.76,0.02275013194817921
USDDZD_otc,1224,20:24,PUT,100,60,0.6,40,0.4,16,76,0.76,0.02275013194817921
USDEGP_otc,450,07:30,CALL,100,60,0.6,40,0.4,16,76,0.76,0.02275013194817921
USDIDR_otc,458,07:38,PUT,100,60,0.6,40,0.4,16,76,0.76,0.02275013194817921
USDIDR_otc,515,08:35,PUT,100,60,0.6,40,0.4,16,76,0.76,0.02275013194817921
USDIDR_otc,910,15:10,CALL,100,60,0.6,40,0.4,16,76,0.76,0.02275013194817921
USDIDR_otc,1201,20:01,PUT,100,60,0.6,40,0.4,16,76,0.76,0.02275013194817921
USDIDR_otc,1257,20:57,PUT,100,60,0.6,40,0.4,16,76,0.76,0.02275013194817921
USDINR_otc,417,06:57,PUT,100,60,0.6,40,0.4,16,76,0.76,0.02275013194817921
USDINR_otc,655,10:55,CALL,100,60,0.6,40,0.4,16,76,0.76,0.02275013194817921
USDINR_otc,908,15:08,PUT,100,60,0.6,40,0.4,16,76,0.76,0.02275013194817921
USDMXN_otc,255,04:15,CALL,100,60,0.6,40,0.4,16,76,0.76,0.02275013194817921
USDMXN_otc,873,14:33,PUT,100,60,0.6,40,0.4,16,76,0.76,0.02275013194817921
USDMXN_otc,933,15:33,PUT,100,60,0.6,40,0.4,16,76,0.76,0.02275013194817921
USDMXN_otc,1038,17:18,PUT,100,60,0.6,40,0.4,16,76,0.76,0.02275013194817921
USDNGN_otc,239,03:59,PUT,100,60,0.6,40,0.4,16,76,0.76,0.02275013194817921
USDNGN_otc,281,04:41,CALL,100,60,0.6,40,0.4,16,76,0.76,0.02275013194817921
USDNGN_otc,426,07:06,CALL,100,60,0.6,40,0.4,16,76,0.76,0.02275013194817921
USDNGN_otc,524,08:44,CALL,100,60,0.6,40,0.4,16,76,0.76,0.02275013194817921
USDNGN_otc,987,16:27,PUT,100,60,0.6,40,0.4,16,76,0.76,0.02275013194817921
USDNGN_otc,1018,16:58,CALL,100,60,0.6,40,0.4,16,76,0.76,0.02275013194817921
USDNGN_otc,1087,18:07,CALL,100,60,0.6,40,0.4,16,76,0.76,0.02275013194817921
USDPHP_otc,621,10:21,CALL,100,60,0.6,40,0.4,16,76,0.76,0.02275013194817921
USDPKR_otc,1050,17:30,PUT,100,60,0.6,40,0.4,16,76,0.76,0.02275013194817921
USDZAR_otc,1138,18:58,CALL,100,60,0.6,40,0.4,16,76,0.76,0.02275013194817921
USDCOP_otc,377,06:17,CALL,100,62,0.62,38,0.38,13,75,0.75,0.008197535924596155
USDDZD_otc,456,07:36,CALL,100,62,0.62,38,0.38,13,75,0.75,0.008197535924596155
USDINR_otc,384,06:24,CALL,100,62,0.62,38,0.38,13,75,0.75,0.008197535924596155
USDMXN_otc,845,14:05,CALL,100,62,0.62,38,0.38,13,75,0.75,0.008197535924596155
USDPHP_otc,230,03:50,PUT,100,62,0.62,38,0.38,13,75,0.75,0.008197535924596155
USDBDT_otc,1315,21:55,CALL,100,61,0.61,39,0.39,14,75,0.75,0.01390344751349859
USDCOP_otc,943,15:43,PUT,100,61,0.61,39,0.39,14,75,0.75,0.01390344751349859
USDIDR_otc,468,07:48,PUT,100,61,0.61,39,0.39,14,75,0.75,0.01390344751349859
USDINR_otc,516,08:36,PUT,100,61,0.61,39,0.39,14,75,0.75,0.01390344751349859
USDMXN_otc,1173,19:33,PUT,100,61,0.61,39,0.39,14,75,0.75,0.01390344751349859
USDPHP_otc,105,01:45,PUT,100,61,0.61,39,0.39,14,75,0.75,0.01390344751349859
BRLUSD_otc,1223,20:23,CALL,100,60,0.6,40,0.4,15,75,0.75,0.02275013194817921
USDARS_otc,263,04:23,CALL,100,60,0.6,40,0.4,15,75,0.75,0.02275013194817921
USDBDT_otc,358,05:58,PUT,100,60,0.6,40,0.4,15,75,0.75,0.02275013194817921
USDBDT_otc,733,12:13,PUT,100,60,0.6,40,0.4,15,75,0.75,0.02275013194817921
USDIDR_otc,990,16:30,PUT,100,60,0.6,40,0.4,15,75,0.75,0.02275013194817921
USDMXN_otc,812,13:32,CALL,100,60,0.6,40,0.4,15,75,0.75,0.02275013194817921
USDMXN_otc,821,13:41,CALL,100,60,0.6,40,0.4,15,75,0.75,0.02275013194817921
USDNGN_otc,193,03:13,CALL,100,60,0.6,40,0.4,15,75,0.75,0.02275013194817921
USDNGN_otc,564,09:24,CALL,100,60,0.6,40,0.4,15,75,0.75,0.02275013194817921
USDNGN_otc,747,12:27,PUT,100,60,0.6,40,0.4,15,75,0.75,0.02275013194817921
USDNGN_otc,1141,19:01,CALL,100,60,0.6,40,0.4,15,75,0.75,0.02275013194817921
USDPHP_otc,550,09:10,CALL,100,60,0.6,40,0.4,15,75,0.75,0.02275013194817921
USDPKR_otc,619,10:19,PUT,100,60,0.6,40,0.4,15,75,0.75,0.02275013194817921
USDZAR_otc,1417,23:37,PUT,100,60,0.6,40,0.4,15,75,0.75,0.02275013194817921
USDNGN_otc,115,01:55,CALL,100,63,0.63,37,0.37,11,74,0.74,0.004661188023718732
USDARS_otc,590,09:50,PUT,100,62,0.62,38,0.38,12,74,0.74,0.008197535924596155
USDNGN_otc,435,07:15,PUT,100,62,0.62,38,0.38,12,74,0.74,0.008197535924596155
USDDZD_otc,119,01:59,CALL,100,61,0.61,39,0.39,13,74,0.74,0.01390344751349859
USDMXN_otc,1359,22:39,CALL,100,61,0.61,39,0.39,13,74,0.74,0.01390344751349859
USDPHP_otc,407,06:47,PUT,100,61,0.61,39,0.39,13,74,0.74,0.01390344751349859
USDZAR_otc,443,07:23,PUT,100,61,0.61,39,0.39,13,74,0.74,0.01390344751349859
USDZAR_otc,1111,18:31,CALL,100,61,0.61,39,0.39,13,74,0.74,0.01390344751349859
USDARS_otc,950,15:50,PUT,100,60,0.6,40,0.4,14,74,0.74,0.02275013194817921
USDEGP_otc,356,05:56,CALL,100,60,0.6,40,0.4,14,74,0.74,0.02275013194817921
USDIDR_otc,757,12:37,CALL,100,60,0.6,40,0.4,14,74,0.74,0.02275013194817921
USDINR_otc,819,13:39,CALL,100,60,0.6,40,0.4,14,74,0.74,0.02275013194817921
USDMXN_otc,1204,20:04,PUT,100,60,0.6,40,0.4,14,74,0.74,0.02275013194817921
USDNGN_otc,1301,21:41,PUT,100,60,0.6,40,0.4,14,74,0.74,0.02275013194817921
USDPHP_otc,1318,21:58,PUT,100,60,0.6,40,0.4,14,74,0.74,0.02275013194817921
USDPKR_otc,1074,17:54,CALL,100,60,0.6,40,0.4,14,74,0.74,0.02275013194817921
USDZAR_otc,569,09:29,PUT,100,60,0.6,40,0.4,14,74,0.74,0.02275013194817921
USDZAR_otc,899,14:59,PUT,100,60,0.6,40,0.4,14,74,0.74,0.02275013194817921
USDZAR_otc,701,11:41,PUT,100,62,0.62,38,0.38,11,73,0.73,0.008197535924596155
USDIDR_otc,608,10:08,CALL,100,61,0.61,39,0.39,12,73,0.73,0.01390344751349859
USDCOP_otc,555,09:15,CALL,100,60,0.6,40,0.4,13,73,0.73,0.02275013194817921
USDEGP_otc,859,14:19,CALL,100,60,0.6,40,0.4,13,73,0.73,0.02275013194817921
USDEGP_otc,1252,20:52,PUT,100,60,0.6,40,0.4,13,73,0.73,0.02275013194817921
USDIDR_otc,1105,18:25,PUT,100,60,0.6,40,0.4,13,73,0.73,0.02275013194817921
USDMXN_otc,521,08:41,CALL,100,60,0.6,40,0.4,13,73,0.73,0.02275013194817921
USDZAR_otc,713,11:53,CALL,100,60,0.6,40,0.4,13,73,0.73,0.02275013194817921
USDZAR_otc,791,13:11,PUT,100,60,0.6,40,0.4,13,73,0.73,0.02275013194817921
USDARS_otc,1123,18:43,CALL,100,62,0.62,38,0.38,10,72,0.72,0.008197535924596155
USDBDT_otc,70,01:10,CALL,100,60,0.6,40,0.4,12,72,0.72,0.02275013194817921
USDCOP_otc,694,11:34,CALL,100,60,0.6,40,0.4,12,72,0.72,0.02275013194817921
USDARS_otc,360,06:00,PUT,100,63,0.63,37,0.37,8,71,0.71,0.004661188023718732
