asset,minute_of_day,time_utc,hour,direction,samples,l1_wins,l1_win_rate,mtg_uses,mtg_use_rate,mtg_wins,mtg_success_rate,combined_wins,combined_win_rate,p_value
USDCOP_otc,701,11:41,11,PUT,100,63,0.63,37,0.37,26,0.7027027027027027,89,0.89,0.004661188023718732
USDCOP_otc,688,11:28,11,CALL,100,58,0.58,42,0.42,24,0.5714285714285714,82,0.82,0.054799291699557995
USDCOP_otc,1024,17:04,17,CALL,100,61,0.61,39,0.39,23,0.5897435897435898,84,0.84,0.01390344751349859
USDCOP_otc,1031,17:11,17,PUT,100,60,0.6,40,0.4,24,0.6,84,0.84,0.02275013194817921
USDCOP_otc,1071,17:51,17,PUT,100,63,0.63,37,0.37,21,0.5675675675675675,84,0.84,0.004661188023718732
USDCOP_otc,1077,17:57,17,PUT,100,61,0.61,39,0.39,22,0.5641025641025641,83,0.83,0.01390344751349859
USDCOP_otc,1063,17:43,17,PUT,100,58,0.58,42,0.42,24,0.5714285714285714,82,0.82,0.054799291699557995
USDCOP_otc,1212,20:12,20,PUT,100,59,0.59,41,0.41,26,0.6341463414634146,85,0.85,0.035930319112925824
USDCOP_otc,1256,20:56,20,PUT,100,59,0.59,41,0.41,24,0.5853658536585366,83,0.83,0.035930319112925824
USDCOP_otc,911,15:11,15,PUT,100,58,0.58,42,0.42,24,0.5714285714285714,82,0.82,0.054799291699557995
USDCOP_otc,570,09:30,9,PUT,100,58,0.58,42,0.42,27,0.6428571428571429,85,0.85,0.054799291699557995
USDCOP_otc,582,09:42,9,PUT,100,58,0.58,42,0.42,26,0.6190476190476191,84,0.84,0.054799291699557995
USDCOP_otc,558,09:18,9,CALL,100,61,0.61,39,0.39,22,0.5641025641025641,83,0.83,0.01390344751349859
USDCOP_otc,572,09:32,9,PUT,100,58,0.58,42,0.42,25,0.5952380952380952,83,0.83,0.054799291699557995
USDCOP_otc,767,12:47,12,PUT,100,61,0.61,39,0.39,25,0.6410256410256411,86,0.86,0.01390344751349859
USDCOP_otc,790,13:10,13,CALL,100,64,0.64,36,0.36,25,0.6944444444444444,89,0.89,0.002555130330427924
USDCOP_otc,800,13:20,13,PUT,100,59,0.59,41,0.41,24,0.5853658536585366,83,0.83,0.035930319112925824
USDCOP_otc,885,14:45,14,PUT,100,58,0.58,42,0.42,28,0.6666666666666666,86,0.86,0.054799291699557995
USDCOP_otc,847,14:07,14,PUT,100,59,0.59,41,0.41,26,0.6341463414634146,85,0.85,0.035930319112925824
USDCOP_otc,870,14:30,14,PUT,100,60,0.6,40,0.4,23,0.575,83,0.83,0.02275013194817921
USDCOP_otc,1146,19:06,19,PUT,100,63,0.63,37,0.37,21,0.5675675675675675,84,0.84,0.004661188023718732
USDCOP_otc,1355,22:35,22,CALL,100,60,0.6,40,0.4,22,0.55,82,0.82,0.02275013194817921
USDCOP_otc,4,00:04,0,PUT,100,61,0.61,39,0.39,22,0.5641025641025641,83,0.83,0.01390344751349859
USDCOP_otc,84,01:24,1,CALL,100,61,0.61,39,0.39,23,0.5897435897435898,84,0.84,0.01390344751349859
USDCOP_otc,142,02:22,2,PUT,100,59,0.59,41,0.41,24,0.5853658536585366,83,0.83,0.035930319112925824
USDCOP_otc,155,02:35,2,PUT,100,58,0.58,42,0.42,25,0.5952380952380952,83,0.83,0.054799291699557995
USDCOP_otc,162,02:42,2,PUT,100,58,0.58,42,0.42,24,0.5714285714285714,82,0.82,0.054799291699557995
USDCOP_otc,209,03:29,3,PUT,100,60,0.6,40,0.4,25,0.625,85,0.85,0.02275013194817921
USDCOP_otc,223,03:43,3,CALL,100,58,0.58,42,0.42,24,0.5714285714285714,82,0.82,0.054799291699557995
USDCOP_otc,313,05:13,5,CALL,100,58,0.58,42,0.42,26,0.6190476190476191,84,0.84,0.054799291699557995
USDCOP_otc,333,05:33,5,PUT,100,58,0.58,42,0.42,24,0.5714285714285714,82,0.82,0.054799291699557995
USDCOP_otc,365,06:05,6,CALL,100,60,0.6,40,0.4,23,0.575,83,0.83,0.02275013194817921
USDCOP_otc,389,06:29,6,CALL,100,60,0.6,40,0.4,23,0.575,83,0.83,0.02275013194817921
USDCOP_otc,412,06:52,6,CALL,100,58,0.58,42,0.42,25,0.5952380952380952,83,0.83,0.054799291699557995
USDCOP_otc,442,07:22,7,PUT,100,60,0.6,40,0.4,22,0.55,82,0.82,0.02275013194817921
USDCOP_otc,515,08:35,8,PUT,100,64,0.64,36,0.36,24,0.6666666666666666,88,0.88,0.002555130330427924
USDCOP_otc,519,08:39,8,PUT,100,58,0.58,42,0.42,24,0.5714285714285714,82,0.82,0.054799291699557995
USDCOP_otc,529,08:49,8,PUT,100,58,0.58,42,0.42,24,0.5714285714285714,82,0.82,0.054799291699557995
USDDZD_otc,1023,17:03,17,PUT,100,61,0.61,39,0.39,23,0.5897435897435898,84,0.84,0.01390344751349859
USDDZD_otc,1061,17:41,17,PUT,100,63,0.63,37,0.37,21,0.5675675675675675,84,0.84,0.004661188023718732
USDDZD_otc,1222,20:22,20,PUT,100,58,0.58,42,0.42,25,0.5952380952380952,83,0.83,0.054799291699557995
USDDZD_otc,1234,20:34,20,CALL,100,60,0.6,40,0.4,23,0.575,83,0.83,0.02275013194817921
USDDZD_otc,910,15:10,15,PUT,100,59,0.59,41,0.41,28,0.6829268292682927,87,0.87,0.035930319112925824
USDDZD_otc,945,15:45,15,CALL,100,59,0.59,41,0.41,26,0.6341463414634146,85,0.85,0.035930319112925824
USDDZD_otc,911,15:11,15,PUT,100,64,0.64,36,0.36,20,0.5555555555555556,84,0.84,0.002555130330427924
USDDZD_otc,946,15:46,15,CALL,100,59,0.59,41,0.41,24,0.5853658536585366,83,0.83,0.035930319112925824
USDDZD_otc,907,15:07,15,PUT,100,58,0.58,42,0.42,24,0.5714285714285714,82,0.82,0.054799291699557995
USDDZD_otc,949,15:49,15,PUT,100,58,0.58,42,0.42,24,0.5714285714285714,82,0.82,0.054799291699557995
USDDZD_otc,541,09:01,9,CALL,100,62,0.62,38,0.38,21,0.5526315789473685,83,0.83,0.008197535924596155
USDDZD_otc,552,09:12,9,PUT,100,59,0.59,41,0.41,23,0.5609756097560976,82,0.82,0.035930319112925824
USDDZD_otc,1113,18:33,18,CALL,100,59,0.59,41,0.41,30,0.7317073170731707,89,0.89,0.035930319112925824
USDDZD_otc,1103,18:23,18,PUT,100,66,0.66,34,0.34,20,0.5882352941176471,86,0.86,0.0006871379379158604
USDDZD_otc,1139,18:59,18,PUT,100,61,0.61,39,0.39,24,0.6153846153846154,85,0.85,0.01390344751349859
USDDZD_otc,1099,18:19,18,PUT,100,60,0.6,40,0.4,24,0.6,84,0.84,0.02275013194817921
USDDZD_otc,732,12:12,12,PUT,100,61,0.61,39,0.39,22,0.5641025641025641,83,0.83,0.01390344751349859
USDDZD_otc,721,12:01,12,PUT,100,59,0.59,41,0.41,23,0.5609756097560976,82,0.82,0.035930319112925824
USDDZD_otc,791,13:11,13,PUT,100,61,0.61,39,0.39,23,0.5897435897435898,84,0.84,0.01390344751349859
USDDZD_otc,788,13:08,13,PUT,100,59,0.59,41,0.41,24,0.5853658536585366,83,0.83,0.035930319112925824
USDDZD_otc,804,13:24,13,PUT,100,58,0.58,42,0.42,24,0.5714285714285714,82,0.82,0.054799291699557995
USDDZD_otc,838,13:58,13,PUT,100,59,0.59,41,0.41,23,0.5609756097560976,82,0.82,0.035930319112925824
USDDZD_otc,881,14:41,14,PUT,100,59,0.59,41,0.41,23,0.5609756097560976,82,0.82,0.035930319112925824
USDDZD_otc,1143,19:03,19,PUT,100,58,0.58,42,0.42,25,0.5952380952380952,83,0.83,0.054799291699557995
USDDZD_otc,1160,19:20,19,PUT,100,60,0.6,40,0.4,22,0.55,82,0.82,0.02275013194817921
USDDZD_otc,1332,22:12,22,PUT,100,60,0.6,40,0.4,25,0.625,85,0.85,0.02275013194817921
USDDZD_otc,8,00:08,0,CALL,100,60,0.6,40,0.4,25,0.625,85,0.85,0.02275013194817921
USDDZD_otc,57,00:57,0,CALL,100,60,0.6,40,0.4,22,0.55,82,0.82,0.02275013194817921
USDDZD_otc,101,01:41,1,PUT,100,58,0.58,42,0.42,25,0.5952380952380952,83,0.83,0.054799291699557995
USDDZD_otc,168,02:48,2,CALL,100,60,0.6,40,0.4,24,0.6,84,0.84,0.02275013194817921
USDDZD_otc,150,02:30,2,PUT,100,59,0.59,41,0.41,24,0.5853658536585366,83,0.83,0.035930319112925824
USDDZD_otc,182,03:02,3,CALL,100,58,0.58,42,0.42,24,0.5714285714285714,82,0.82,0.054799291699557995
USDDZD_otc,223,03:43,3,PUT,100,60,0.6,40,0.4,22,0.55,82,0.82,0.02275013194817921
USDDZD_otc,239,03:59,3,PUT,100,59,0.59,41,0.41,23,0.5609756097560976,82,0.82,0.035930319112925824
USDDZD_otc,259,04:19,4,PUT,100,60,0.6,40,0.4,25,0.625,85,0.85,0.02275013194817921
USDDZD_otc,265,04:25,4,CALL,100,59,0.59,41,0.41,23,0.5609756097560976,82,0.82,0.035930319112925824
USDDZD_otc,273,04:33,4,CALL,100,59,0.59,41,0.41,23,0.5609756097560976,82,0.82,0.035930319112925824
USDDZD_otc,471,07:51,7,PUT,100,62,0.62,38,0.38,25,0.6578947368421053,87,0.87,0.008197535924596155
USDDZD_otc,422,07:02,7,PUT,100,59,0.59,41,0.41,24,0.5853658536585366,83,0.83,0.035930319112925824
USDDZD_otc,483,08:03,8,PUT,100,61,0.61,39,0.39,22,0.5641025641025641,83,0.83,0.01390344751349859
USDDZD_otc,488,08:08,8,CALL,100,59,0.59,41,0.41,24,0.5853658536585366,83,0.83,0.035930319112925824
USDBDT_otc,687,11:27,11,CALL,100,58,0.58,42,0.42,30,0.7142857142857143,88,0.88,0.054799291699557995
USDBDT_otc,702,11:42,11,PUT,100,62,0.62,38,0.38,21,0.5526315789473685,83,0.83,0.008197535924596155
USDBDT_otc,695,11:35,11,PUT,100,59,0.59,41,0.41,23,0.5609756097560976,82,0.82,0.035930319112925824
USDBDT_otc,1028,17:08,17,PUT,100,59,0.59,41,0.41,27,0.6585365853658537,86,0.86,0.035930319112925824
USDBDT_otc,1029,17:09,17,PUT,100,62,0.62,38,0.38,23,0.6052631578947368,85,0.85,0.008197535924596155
USDBDT_otc,1062,17:42,17,PUT,100,61,0.61,39,0.39,23,0.5897435897435898,84,0.84,0.01390344751349859
USDBDT_otc,1041,17:21,17,CALL,100,58,0.58,42,0.42,25,0.5952380952380952,83,0.83,0.054799291699557995
USDBDT_otc,1242,20:42,20,PUT,100,61,0.61,39,0.39,26,0.6666666666666666,87,0.87,0.01390344751349859
USDBDT_otc,1232,20:32,20,PUT,100,60,0.6,40,0.4,23,0.575,83,0.83,0.02275013194817921
USDBDT_otc,911,15:11,15,PUT,100,61,0.61,39,0.39,25,0.6410256410256411,86,0.86,0.01390344751349859
USDBDT_otc,597,09:57,9,PUT,100,60,0.6,40,0.4,27,0.675,87,0.87,0.02275013194817921
USDBDT_otc,598,09:58,9,PUT,100,65,0.65,35,0.35,20,0.5714285714285714,85,0.85,0.0013498980316301035
USDBDT_otc,565,09:25,9,PUT,100,59,0.59,41,0.41,25,0.6097560975609756,84,0.84,0.035930319112925824
USDBDT_otc,567,09:27,9,CALL,100,64,0.64,36,0.36,20,0.5555555555555556,84,0.84,0.002555130330427924
USDBDT_otc,1090,18:10,18,PUT,100,61,0.61,39,0.39,25,0.6410256410256411,86,0.86,0.01390344751349859
USDBDT_otc,1094,18:14,18,PUT,100,59,0.59,41,0.41,24,0.5853658536585366,83,0.83,0.035930319112925824
USDBDT_otc,1137,18:57,18,PUT,100,58,0.58,42,0.42,25,0.5952380952380952,83,0.83,0.054799291699557995
USDBDT_otc,742,12:22,12,PUT,100,61,0.61,39,0.39,24,0.6153846153846154,85,0.85,0.01390344751349859
USDBDT_otc,755,12:35,12,PUT,100,60,0.6,40,0.4,22,0.55,82,0.82,0.02275013194817921
USDBDT_otc,829,13:49,13,PUT,100,60,0.6,40,0.4,23,0.575,83,0.83,0.02275013194817921
USDBDT_otc,893,14:53,14,CALL,100,58,0.58,42,0.42,26,0.6190476190476191,84,0.84,0.054799291699557995
USDBDT_otc,865,14:25,14,CALL,100,60,0.6,40,0.4,22,0.55,82,0.82,0.02275013194817921
USDBDT_otc,880,14:40,14,PUT,100,58,0.58,42,0.42,24,0.5714285714285714,82,0.82,0.054799291699557995
USDBDT_otc,1195,19:55,19,CALL,100,58,0.58,42,0.42,26,0.6190476190476191,84,0.84,0.054799291699557995
USDBDT_otc,1197,19:57,19,CALL,100,58,0.58,42,0.42,25,0.5952380952380952,83,0.83,0.054799291699557995
USDBDT_otc,1327,22:07,22,PUT,100,60,0.6,40,0.4,22,0.55,82,0.82,0.02275013194817921
USDBDT_otc,22,00:22,0,PUT,100,68,0.68,32,0.32,18,0.5625,86,0.86,0.00015910859015755285
USDBDT_otc,31,00:31,0,CALL,100,60,0.6,40,0.4,23,0.575,83,0.83,0.02275013194817921
USDBDT_otc,1,00:01,0,CALL,100,58,0.58,42,0.42,24,0.5714285714285714,82,0.82,0.054799291699557995
USDBDT_otc,10,00:10,0,PUT,100,58,0.58,42,0.42,24,0.5714285714285714,82,0.82,0.054799291699557995
USDBDT_otc,69,01:09,1,CALL,100,59,0.59,41,0.41,23,0.5609756097560976,82,0.82,0.035930319112925824
USDBDT_otc,146,02:26,2,PUT,100,58,0.58,42,0.42,24,0.5714285714285714,82,0.82,0.054799291699557995
USDBDT_otc,174,02:54,2,PUT,100,58,0.58,42,0.42,24,0.5714285714285714,82,0.82,0.054799291699557995
USDBDT_otc,194,03:14,3,PUT,100,58,0.58,42,0.42,28,0.6666666666666666,86,0.86,0.054799291699557995
USDBDT_otc,197,03:17,3,PUT,100,60,0.6,40,0.4,24,0.6,84,0.84,0.02275013194817921
USDBDT_otc,253,04:13,4,PUT,100,59,0.59,41,0.41,25,0.6097560975609756,84,0.84,0.035930319112925824
USDBDT_otc,285,04:45,4,PUT,100,60,0.6,40,0.4,24,0.6,84,0.84,0.02275013194817921
USDBDT_otc,278,04:38,4,PUT,100,59,0.59,41,0.41,24,0.5853658536585366,83,0.83,0.035930319112925824
USDBDT_otc,305,05:05,5,PUT,100,65,0.65,35,0.35,22,0.6285714285714286,87,0.87,0.0013498980316301035
USDBDT_otc,350,05:50,5,CALL,100,61,0.61,39,0.39,22,0.5641025641025641,83,0.83,0.01390344751349859
USDBDT_otc,338,05:38,5,PUT,100,58,0.58,42,0.42,24,0.5714285714285714,82,0.82,0.054799291699557995
USDBDT_otc,380,06:20,6,PUT,100,59,0.59,41,0.41,26,0.6341463414634146,85,0.85,0.035930319112925824
USDBDT_otc,433,07:13,7,CALL,100,59,0.59,41,0.41,27,0.6585365853658537,86,0.86,0.035930319112925824
USDBDT_otc,522,08:42,8,CALL,100,58,0.58,42,0.42,25,0.5952380952380952,83,0.83,0.054799291699557995
USDBDT_otc,533,08:53,8,PUT,100,61,0.61,39,0.39,22,0.5641025641025641,83,0.83,0.01390344751349859
USDBDT_otc,537,08:57,8,CALL,100,58,0.58,42,0.42,25,0.5952380952380952,83,0.83,0.054799291699557995
USDBDT_otc,481,08:01,8,CALL,100,59,0.59,41,0.41,23,0.5609756097560976,82,0.82,0.035930319112925824
USDBDT_otc,509,08:29,8,PUT,100,60,0.6,40,0.4,22,0.55,82,0.82,0.02275013194817921
USDIDR_otc,1068,17:48,17,PUT,100,58,0.58,42,0.42,24,0.5714285714285714,82,0.82,0.054799291699557995
USDIDR_otc,1256,20:56,20,PUT,100,58,0.58,42,0.42,29,0.6904761904761905,87,0.87,0.054799291699557995
USDIDR_otc,561,09:21,9,PUT,100,58,0.58,42,0.42,26,0.6190476190476191,84,0.84,0.054799291699557995
USDIDR_otc,575,09:35,9,PUT,100,58,0.58,42,0.42,26,0.6190476190476191,84,0.84,0.054799291699557995
USDIDR_otc,574,09:34,9,PUT,100,59,0.59,41,0.41,24,0.5853658536585366,83,0.83,0.035930319112925824
USDIDR_otc,566,09:26,9,CALL,100,60,0.6,40,0.4,22,0.55,82,0.82,0.02275013194817921
USDIDR_otc,1116,18:36,18,PUT,100,58,0.58,42,0.42,24,0.5714285714285714,82,0.82,0.054799291699557995
USDIDR_otc,743,12:23,12,PUT,100,58,0.58,42,0.42,28,0.6666666666666666,86,0.86,0.054799291699557995
USDIDR_otc,758,12:38,12,PUT,100,65,0.65,35,0.35,20,0.5714285714285714,85,0.85,0.0013498980316301035
USDIDR_otc,768,12:48,12,CALL,100,59,0.59,41,0.41,23,0.5609756097560976,82,0.82,0.035930319112925824
USDIDR_otc,796,13:16,13,CALL,100,61,0.61,39,0.39,24,0.6153846153846154,85,0.85,0.01390344751349859
USDIDR_otc,834,13:54,13,CALL,100,59,0.59,41,0.41,26,0.6341463414634146,85,0.85,0.035930319112925824
USDIDR_otc,836,13:56,13,PUT,100,58,0.58,42,0.42,26,0.6190476190476191,84,0.84,0.054799291699557995
USDIDR_otc,797,13:17,13,CALL,100,58,0.58,42,0.42,25,0.5952380952380952,83,0.83,0.054799291699557995
USDIDR_otc,807,13:27,13,PUT,100,60,0.6,40,0.4,22,0.55,82,0.82,0.02275013194817921
USDIDR_otc,853,14:13,14,CALL,100,60,0.6,40,0.4,25,0.625,85,0.85,0.02275013194817921
USDIDR_otc,887,14:47,14,PUT,100,58,0.58,42,0.42,26,0.6190476190476191,84,0.84,0.054799291699557995
USDIDR_otc,864,14:24,14,CALL,100,59,0.59,41,0.41,23,0.5609756097560976,82,0.82,0.035930319112925824
USDIDR_otc,1143,19:03,19,CALL,100,59,0.59,41,0.41,31,0.7560975609756098,90,0.9,0.035930319112925824
USDIDR_otc,1178,19:38,19,CALL,100,60,0.6,40,0.4,25,0.625,85,0.85,0.02275013194817921
USDIDR_otc,1346,22:26,22,PUT,100,59,0.59,41,0.41,24,0.5853658536585366,83,0.83,0.035930319112925824
USDIDR_otc,74,01:14,1,PUT,100,59,0.59,41,0.41,24,0.5853658536585366,83,0.83,0.035930319112925824
USDIDR_otc,84,01:24,1,CALL,100,59,0.59,41,0.41,24,0.5853658536585366,83,0.83,0.035930319112925824
USDIDR_otc,67,01:07,1,PUT,100,58,0.58,42,0.42,24,0.5714285714285714,82,0.82,0.054799291699557995
USDIDR_otc,120,02:00,2,PUT,100,62,0.62,38,0.38,24,0.631578947368421,86,0.86,0.008197535924596155
USDIDR_otc,178,02:58,2,CALL,100,60,0.6,40,0.4,25,0.625,85,0.85,0.02275013194817921
USDIDR_otc,180,03:00,3,CALL,100,59,0.59,41,0.41,25,0.6097560975609756,84,0.84,0.035930319112925824
USDIDR_otc,257,04:17,4,PUT,100,60,0.6,40,0.4,23,0.575,83,0.83,0.02275013194817921
USDIDR_otc,263,04:23,4,CALL,100,60,0.6,40,0.4,22,0.55,82,0.82,0.02275013194817921
USDIDR_otc,354,05:54,5,PUT,100,63,0.63,37,0.37,24,0.6486486486486487,87,0.87,0.004661188023718732
USDIDR_otc,317,05:17,5,CALL,100,59,0.59,41,0.41,23,0.5609756097560976,82,0.82,0.035930319112925824
USDIDR_otc,416,06:56,6,CALL,100,58,0.58,42,0.42,29,0.6904761904761905,87,0.87,0.054799291699557995
USDIDR_otc,369,06:09,6,PUT,100,58,0.58,42,0.42,28,0.6666666666666666,86,0.86,0.054799291699557995
USDIDR_otc,393,06:33,6,PUT,100,58,0.58,42,0.42,27,0.6428571428571429,85,0.85,0.054799291699557995
USDIDR_otc,428,07:08,7,CALL,100,58,0.58,42,0.42,27,0.6428571428571429,85,0.85,0.054799291699557995
USDIDR_otc,464,07:44,7,CALL,100,59,0.59,41,0.41,23,0.5609756097560976,82,0.82,0.035930319112925824
USDIDR_otc,499,08:19,8,PUT,100,63,0.63,37,0.37,21,0.5675675675675675,84,0.84,0.004661188023718732
USDIDR_otc,490,08:10,8,CALL,100,60,0.6,40,0.4,22,0.55,82,0.82,0.02275013194817921
USDARS_otc,687,11:27,11,PUT,100,60,0.6,40,0.4,25,0.625,85,0.85,0.02275013194817921
USDARS_otc,1075,17:55,17,CALL,100,66,0.66,34,0.34,20,0.5882352941176471,86,0.86,0.0006871379379158604
USDARS_otc,1061,17:41,17,PUT,100,60,0.6,40,0.4,25,0.625,85,0.85,0.02275013194817921
USDARS_otc,1050,17:30,17,CALL,100,62,0.62,38,0.38,22,0.5789473684210527,84,0.84,0.008197535924596155
USDARS_otc,1235,20:35,20,PUT,100,60,0.6,40,0.4,23,0.575,83,0.83,0.02275013194817921
USDARS_otc,1240,20:40,20,CALL,100,59,0.59,41,0.41,24,0.5853658536585366,83,0.83,0.035930319112925824
USDARS_otc,1249,20:49,20,PUT,100,60,0.6,40,0.4,23,0.575,83,0.83,0.02275013194817921
USDARS_otc,901,15:01,15,CALL,100,60,0.6,40,0.4,25,0.625,85,0.85,0.02275013194817921
USDARS_otc,914,15:14,15,PUT,100,59,0.59,41,0.41,24,0.5853658536585366,83,0.83,0.035930319112925824
USDARS_otc,931,15:31,15,PUT,100,59,0.59,41,0.41,23,0.5609756097560976,82,0.82,0.035930319112925824
USDARS_otc,1090,18:10,18,CALL,100,58,0.58,42,0.42,26,0.6190476190476191,84,0.84,0.054799291699557995
USDARS_otc,1088,18:08,18,CALL,100,59,0.59,41,0.41,24,0.5853658536585366,83,0.83,0.035930319112925824
USDARS_otc,759,12:39,12,CALL,100,60,0.6,40,0.4,27,0.675,87,0.87,0.02275013194817921
USDARS_otc,751,12:31,12,PUT,100,58,0.58,42,0.42,25,0.5952380952380952,83,0.83,0.054799291699557995
USDARS_otc,755,12:35,12,PUT,100,59,0.59,41,0.41,24,0.5853658536585366,83,0.83,0.035930319112925824
USDARS_otc,777,12:57,12,PUT,100,60,0.6,40,0.4,23,0.575,83,0.83,0.02275013194817921
USDARS_otc,861,14:21,14,PUT,100,64,0.64,36,0.36,21,0.5833333333333334,85,0.85,0.002555130330427924
USDARS_otc,896,14:56,14,PUT,100,59,0.59,41,0.41,23,0.5609756097560976,82,0.82,0.035930319112925824
USDARS_otc,1191,19:51,19,CALL,100,63,0.63,37,0.37,25,0.6756756756756757,88,0.88,0.004661188023718732
USDARS_otc,1168,19:28,19,PUT,100,65,0.65,35,0.35,21,0.6,86,0.86,0.0013498980316301035
USDARS_otc,1153,19:13,19,PUT,100,60,0.6,40,0.4,24,0.6,84,0.84,0.02275013194817921
USDARS_otc,1167,19:27,19,PUT,100,63,0.63,37,0.37,21,0.5675675675675675,84,0.84,0.004661188023718732
USDARS_otc,1344,22:24,22,PUT,100,58,0.58,42,0.42,30,0.7142857142857143,88,0.88,0.054799291699557995
USDARS_otc,1373,22:53,22,PUT,100,58,0.58,42,0.42,24,0.5714285714285714,82,0.82,0.054799291699557995
USDARS_otc,4,00:04,0,CALL,100,60,0.6,40,0.4,29,0.725,89,0.89,0.02275013194817921
USDARS_otc,6,00:06,0,PUT,100,59,0.59,41,0.41,26,0.6341463414634146,85,0.85,0.035930319112925824
USDARS_otc,13,00:13,0,PUT,100,61,0.61,39,0.39,24,0.6153846153846154,85,0.85,0.01390344751349859
USDARS_otc,27,00:27,0,PUT,100,59,0.59,41,0.41,26,0.6341463414634146,85,0.85,0.035930319112925824
USDARS_otc,2,00:02,0,PUT,100,58,0.58,42,0.42,25,0.5952380952380952,83,0.83,0.054799291699557995
USDARS_otc,165,02:45,2,PUT,100,61,0.61,39,0.39,22,0.5641025641025641,83,0.83,0.01390344751349859
USDARS_otc,214,03:34,3,PUT,100,61,0.61,39,0.39,26,0.6666666666666666,87,0.87,0.01390344751349859
USDARS_otc,213,03:33,3,PUT,100,59,0.59,41,0.41,26,0.6341463414634146,85,0.85,0.035930319112925824
USDARS_otc,215,03:35,3,PUT,100,60,0.6,40,0.4,25,0.625,85,0.85,0.02275013194817921
USDARS_otc,207,03:27,3,PUT,100,58,0.58,42,0.42,25,0.5952380952380952,83,0.83,0.054799291699557995
USDARS_otc,298,04:58,4,PUT,100,60,0.6,40,0.4,23,0.575,83,0.83,0.02275013194817921
USDARS_otc,359,05:59,5,PUT,100,58,0.58,42,0.42,28,0.6666666666666666,86,0.86,0.054799291699557995
USDARS_otc,355,05:55,5,PUT,100,58,0.58,42,0.42,25,0.5952380952380952,83,0.83,0.054799291699557995
USDARS_otc,361,06:01,6,CALL,100,60,0.6,40,0.4,24,0.6,84,0.84,0.02275013194817921
USDARS_otc,463,07:43,7,CALL,100,58,0.58,42,0.42,26,0.6190476190476191,84,0.84,0.054799291699557995
USDARS_otc,441,07:21,7,PUT,100,62,0.62,38,0.38,21,0.5526315789473685,83,0.83,0.008197535924596155
USDARS_otc,432,07:12,7,CALL,100,60,0.6,40,0.4,22,0.55,82,0.82,0.02275013194817921
USDARS_otc,489,08:09,8,PUT,100,62,0.62,38,0.38,26,0.6842105263157895,88,0.88,0.008197535924596155
USDARS_otc,488,08:08,8,PUT,100,58,0.58,42,0.42,25,0.5952380952380952,83,0.83,0.054799291699557995
USDARS_otc,498,08:18,8,CALL,100,60,0.6,40,0.4,22,0.55,82,0.82,0.02275013194817921
USDNGN_otc,698,11:38,11,PUT,100,59,0.59,41,0.41,27,0.6585365853658537,86,0.86,0.035930319112925824
USDNGN_otc,696,11:36,11,PUT,100,60,0.6,40,0.4,25,0.625,85,0.85,0.02275013194817921
USDNGN_otc,1066,17:46,17,PUT,100,61,0.61,39,0.39,25,0.6410256410256411,86,0.86,0.01390344751349859
USDNGN_otc,1067,17:47,17,PUT,100,59,0.59,41,0.41,24,0.5853658536585366,83,0.83,0.035930319112925824
USDNGN_otc,1212,20:12,20,PUT,100,60,0.6,40,0.4,24,0.6,84,0.84,0.02275013194817921
USDNGN_otc,1252,20:52,20,PUT,100,59,0.59,41,0.41,25,0.6097560975609756,84,0.84,0.035930319112925824
USDNGN_otc,1254,20:54,20,PUT,100,60,0.6,40,0.4,24,0.6,84,0.84,0.02275013194817921
USDNGN_otc,1224,20:24,20,PUT,100,59,0.59,41,0.41,23,0.5609756097560976,82,0.82,0.035930319112925824
USDNGN_otc,1253,20:53,20,PUT,100,60,0.6,40,0.4,22,0.55,82,0.82,0.02275013194817921
USDNGN_otc,957,15:57,15,PUT,100,65,0.65,35,0.35,20,0.5714285714285714,85,0.85,0.0013498980316301035
USDNGN_otc,920,15:20,15,CALL,100,59,0.59,41,0.41,25,0.6097560975609756,84,0.84,0.035930319112925824
USDNGN_otc,953,15:53,15,PUT,100,61,0.61,39,0.39,23,0.5897435897435898,84,0.84,0.01390344751349859
USDNGN_otc,938,15:38,15,CALL,100,60,0.6,40,0.4,23,0.575,83,0.83,0.02275013194817921
USDNGN_otc,540,09:00,9,PUT,100,62,0.62,38,0.38,21,0.5526315789473685,83,0.83,0.008197535924596155
USDNGN_otc,551,09:11,9,PUT,100,59,0.59,41,0.41,24,0.5853658536585366,83,0.83,0.035930319112925824
USDNGN_otc,552,09:12,9,PUT,100,60,0.6,40,0.4,22,0.55,82,0.82,0.02275013194817921
USDNGN_otc,770,12:50,12,PUT,100,62,0.62,38,0.38,21,0.5526315789473685,83,0.83,0.008197535924596155
USDNGN_otc,837,13:57,13,CALL,100,62,0.62,38,0.38,23,0.6052631578947368,85,0.85,0.008197535924596155
USDNGN_otc,780,13:00,13,PUT,100,58,0.58,42,0.42,26,0.6190476190476191,84,0.84,0.054799291699557995
USDNGN_otc,795,13:15,13,CALL,100,58,0.58,42,0.42,25,0.5952380952380952,83,0.83,0.054799291699557995
USDNGN_otc,828,13:48,13,PUT,100,59,0.59,41,0.41,24,0.5853658536585366,83,0.83,0.035930319112925824
USDNGN_otc,786,13:06,13,CALL,100,58,0.58,42,0.42,24,0.5714285714285714,82,0.82,0.054799291699557995
USDNGN_otc,1185,19:45,19,PUT,100,60,0.6,40,0.4,25,0.625,85,0.85,0.02275013194817921
USDNGN_otc,1158,19:18,19,PUT,100,60,0.6,40,0.4,23,0.575,83,0.83,0.02275013194817921
USDNGN_otc,1143,19:03,19,CALL,100,60,0.6,40,0.4,22,0.55,82,0.82,0.02275013194817921
USDNGN_otc,1349,22:29,22,CALL,100,59,0.59,41,0.41,26,0.6341463414634146,85,0.85,0.035930319112925824
USDNGN_otc,1364,22:44,22,CALL,100,58,0.58,42,0.42,26,0.6190476190476191,84,0.84,0.054799291699557995
USDNGN_otc,1361,22:41,22,CALL,100,61,0.61,39,0.39,22,0.5641025641025641,83,0.83,0.01390344751349859
USDNGN_otc,1322,22:02,22,PUT,100,59,0.59,41,0.41,23,0.5609756097560976,82,0.82,0.035930319112925824
USDNGN_otc,1359,22:39,22,PUT,100,58,0.58,42,0.42,24,0.5714285714285714,82,0.82,0.054799291699557995
USDNGN_otc,24,00:24,0,PUT,100,61,0.61,39,0.39,24,0.6153846153846154,85,0.85,0.01390344751349859
USDNGN_otc,8,00:08,0,PUT,100,61,0.61,39,0.39,23,0.5897435897435898,84,0.84,0.01390344751349859
USDNGN_otc,114,01:54,1,CALL,100,59,0.59,41,0.41,28,0.6829268292682927,87,0.87,0.035930319112925824
USDNGN_otc,125,02:05,2,PUT,100,62,0.62,38,0.38,23,0.6052631578947368,85,0.85,0.008197535924596155
USDNGN_otc,176,02:56,2,PUT,100,62,0.62,38,0.38,23,0.6052631578947368,85,0.85,0.008197535924596155
USDNGN_otc,126,02:06,2,PUT,100,61,0.61,39,0.39,23,0.5897435897435898,84,0.84,0.01390344751349859
USDNGN_otc,127,02:07,2,PUT,100,60,0.6,40,0.4,24,0.6,84,0.84,0.02275013194817921
USDNGN_otc,218,03:38,3,PUT,100,58,0.58,42,0.42,26,0.6190476190476191,84,0.84,0.054799291699557995
USDNGN_otc,237,03:57,3,PUT,100,62,0.62,38,0.38,21,0.5526315789473685,83,0.83,0.008197535924596155
USDNGN_otc,211,03:31,3,CALL,100,58,0.58,42,0.42,24,0.5714285714285714,82,0.82,0.054799291699557995
USDNGN_otc,263,04:23,4,CALL,100,58,0.58,42,0.42,28,0.6666666666666666,86,0.86,0.054799291699557995
USDNGN_otc,275,04:35,4,CALL,100,59,0.59,41,0.41,27,0.6585365853658537,86,0.86,0.035930319112925824
USDNGN_otc,284,04:44,4,PUT,100,59,0.59,41,0.41,25,0.6097560975609756,84,0.84,0.035930319112925824
USDNGN_otc,304,05:04,5,PUT,100,60,0.6,40,0.4,25,0.625,85,0.85,0.02275013194817921
USDNGN_otc,336,05:36,5,PUT,100,60,0.6,40,0.4,22,0.55,82,0.82,0.02275013194817921
USDNGN_otc,406,06:46,6,PUT,100,58,0.58,42,0.42,29,0.6904761904761905,87,0.87,0.054799291699557995
USDNGN_otc,407,06:47,6,PUT,100,63,0.63,37,0.37,22,0.5945945945945946,85,0.85,0.004661188023718732
USDNGN_otc,411,06:51,6,PUT,100,61,0.61,39,0.39,24,0.6153846153846154,85,0.85,0.01390344751349859
USDNGN_otc,395,06:35,6,PUT,100,60,0.6,40,0.4,22,0.55,82,0.82,0.02275013194817921
USDNGN_otc,454,07:34,7,PUT,100,59,0.59,41,0.41,23,0.5609756097560976,82,0.82,0.035930319112925824
USDNGN_otc,486,08:06,8,CALL,100,65,0.65,35,0.35,24,0.6857142857142857,89,0.89,0.0013498980316301035
USDINR_otc,709,11:49,11,PUT,100,60,0.6,40,0.4,26,0.65,86,0.86,0.02275013194817921
USDINR_otc,1065,17:45,17,CALL,100,58,0.58,42,0.42,27,0.6428571428571429,85,0.85,0.054799291699557995
USDINR_otc,1215,20:15,20,CALL,100,61,0.61,39,0.39,26,0.6666666666666666,87,0.87,0.01390344751349859
USDINR_otc,1227,20:27,20,CALL,100,59,0.59,41,0.41,24,0.5853658536585366,83,0.83,0.035930319112925824
USDINR_otc,563,09:23,9,PUT,100,62,0.62,38,0.38,22,0.5789473684210527,84,0.84,0.008197535924596155
USDINR_otc,1088,18:08,18,PUT,100,58,0.58,42,0.42,30,0.7142857142857143,88,0.88,0.054799291699557995
USDINR_otc,1139,18:59,18,CALL,100,60,0.6,40,0.4,23,0.575,83,0.83,0.02275013194817921
USDINR_otc,1118,18:38,18,PUT,100,58,0.58,42,0.42,24,0.5714285714285714,82,0.82,0.054799291699557995
USDINR_otc,745,12:25,12,PUT,100,69,0.69,31,0.31,19,0.6129032258064516,88,0.88,7.234804392514116e-05
USDINR_otc,742,12:22,12,PUT,100,60,0.6,40,0.4,27,0.675,87,0.87,0.02275013194817921
USDINR_otc,744,12:24,12,PUT,100,59,0.59,41,0.41,26,0.6341463414634146,85,0.85,0.035930319112925824
USDINR_otc,796,13:16,13,CALL,100,59,0.59,41,0.41,26,0.6341463414634146,85,0.85,0.035930319112925824
USDINR_otc,799,13:19,13,PUT,100,60,0.6,40,0.4,25,0.625,85,0.85,0.02275013194817921
USDINR_otc,798,13:18,13,PUT,100,58,0.58,42,0.42,26,0.6190476190476191,84,0.84,0.054799291699557995
USDINR_otc,806,13:26,13,PUT,100,58,0.58,42,0.42,24,0.5714285714285714,82,0.82,0.054799291699557995
USDINR_otc,1167,19:27,19,PUT,100,60,0.6,40,0.4,25,0.625,85,0.85,0.02275013194817921
USDINR_otc,1156,19:16,19,PUT,100,59,0.59,41,0.41,25,0.6097560975609756,84,0.84,0.035930319112925824
USDINR_otc,1327,22:07,22,CALL,100,63,0.63,37,0.37,25,0.6756756756756757,88,0.88,0.004661188023718732
USDINR_otc,1368,22:48,22,CALL,100,59,0.59,41,0.41,28,0.6829268292682927,87,0.87,0.035930319112925824
USDINR_otc,1321,22:01,22,CALL,100,58,0.58,42,0.42,28,0.6666666666666666,86,0.86,0.054799291699557995
USDINR_otc,1344,22:24,22,PUT,100,60,0.6,40,0.4,26,0.65,86,0.86,0.02275013194817921
USDINR_otc,20,00:20,0,PUT,100,64,0.64,36,0.36,21,0.5833333333333334,85,0.85,0.002555130330427924
USDINR_otc,54,00:54,0,CALL,100,60,0.6,40,0.4,22,0.55,82,0.82,0.02275013194817921
USDINR_otc,64,01:04,1,PUT,100,58,0.58,42,0.42,25,0.5952380952380952,83,0.83,0.054799291699557995
USDINR_otc,138,02:18,2,CALL,100,60,0.6,40,0.4,26,0.65,86,0.86,0.02275013194817921
USDINR_otc,168,02:48,2,CALL,100,59,0.59,41,0.41,25,0.6097560975609756,84,0.84,0.035930319112925824
USDINR_otc,157,02:37,2,CALL,100,60,0.6,40,0.4,23,0.575,83,0.83,0.02275013194817921
USDINR_otc,132,02:12,2,PUT,100,59,0.59,41,0.41,23,0.5609756097560976,82,0.82,0.035930319112925824
USDINR_otc,195,03:15,3,PUT,100,61,0.61,39,0.39,27,0.6923076923076923,88,0.88,0.01390344751349859
USDINR_otc,192,03:12,3,PUT,100,63,0.63,37,0.37,24,0.6486486486486487,87,0.87,0.004661188023718732
USDINR_otc,236,03:56,3,CALL,100,58,0.58,42,0.42,29,0.6904761904761905,87,0.87,0.054799291699557995
USDINR_otc,213,03:33,3,PUT,100,58,0.58,42,0.42,27,0.6428571428571429,85,0.85,0.054799291699557995
USDINR_otc,277,04:37,4,PUT,100,60,0.6,40,0.4,25,0.625,85,0.85,0.02275013194817921
USDINR_otc,263,04:23,4,CALL,100,58,0.58,42,0.42,25,0.5952380952380952,83,0.83,0.054799291699557995
USDINR_otc,314,05:14,5,PUT,100,59,0.59,41,0.41,25,0.6097560975609756,84,0.84,0.035930319112925824
USDINR_otc,326,05:26,5,PUT,100,62,0.62,38,0.38,22,0.5789473684210527,84,0.84,0.008197535924596155
USDINR_otc,315,05:15,5,PUT,100,59,0.59,41,0.41,24,0.5853658536585366,83,0.83,0.035930319112925824
USDINR_otc,301,05:01,5,PUT,100,58,0.58,42,0.42,24,0.5714285714285714,82,0.82,0.054799291699557995
USDINR_otc,373,06:13,6,PUT,100,59,0.59,41,0.41,23,0.5609756097560976,82,0.82,0.035930319112925824
USDINR_otc,466,07:46,7,PUT,100,61,0.61,39,0.39,23,0.5897435897435898,84,0.84,0.01390344751349859
USDINR_otc,467,07:47,7,PUT,100,60,0.6,40,0.4,22,0.55,82,0.82,0.02275013194817921
USDINR_otc,494,08:14,8,PUT,100,63,0.63,37,0.37,22,0.5945945945945946,85,0.85,0.004661188023718732
USDINR_otc,520,08:40,8,CALL,100,61,0.61,39,0.39,23,0.5897435897435898,84,0.84,0.01390344751349859
USDINR_otc,488,08:08,8,CALL,100,59,0.59,41,0.41,23,0.5609756097560976,82,0.82,0.035930319112925824
USDINR_otc,532,08:52,8,CALL,100,58,0.58,42,0.42,24,0.5714285714285714,82,0.82,0.054799291699557995
USDZAR_otc,666,11:06,11,PUT,100,61,0.61,39,0.39,24,0.6153846153846154,85,0.85,0.01390344751349859
USDZAR_otc,709,11:49,11,CALL,100,62,0.62,38,0.38,23,0.6052631578947368,85,0.85,0.008197535924596155
USDZAR_otc,712,11:52,11,CALL,100,58,0.58,42,0.42,24,0.5714285714285714,82,0.82,0.054799291699557995
USDZAR_otc,1054,17:34,17,PUT,100,58,0.58,42,0.42,26,0.6190476190476191,84,0.84,0.054799291699557995
USDZAR_otc,1040,17:20,17,PUT,100,58,0.58,42,0.42,25,0.5952380952380952,83,0.83,0.054799291699557995
USDZAR_otc,1041,17:21,17,PUT,100,58,0.58,42,0.42,24,0.5714285714285714,82,0.82,0.054799291699557995
USDZAR_otc,1066,17:46,17,PUT,100,59,0.59,41,0.41,23,0.5609756097560976,82,0.82,0.035930319112925824
USDZAR_otc,906,15:06,15,PUT,100,60,0.6,40,0.4,24,0.6,84,0.84,0.02275013194817921
USDZAR_otc,952,15:52,15,CALL,100,60,0.6,40,0.4,22,0.55,82,0.82,0.02275013194817921
USDZAR_otc,589,09:49,9,PUT,100,60,0.6,40,0.4,22,0.55,82,0.82,0.02275013194817921
USDZAR_otc,592,09:52,9,CALL,100,58,0.58,42,0.42,24,0.5714285714285714,82,0.82,0.054799291699557995
USDZAR_otc,594,09:54,9,CALL,100,59,0.59,41,0.41,23,0.5609756097560976,82,0.82,0.035930319112925824
USDZAR_otc,753,12:33,12,PUT,100,61,0.61,39,0.39,23,0.5897435897435898,84,0.84,0.01390344751349859
USDZAR_otc,769,12:49,12,CALL,100,58,0.58,42,0.42,25,0.5952380952380952,83,0.83,0.054799291699557995
USDZAR_otc,816,13:36,13,PUT,100,60,0.6,40,0.4,23,0.575,83,0.83,0.02275013194817921
USDZAR_otc,831,13:51,13,PUT,100,59,0.59,41,0.41,24,0.5853658536585366,83,0.83,0.035930319112925824
USDZAR_otc,888,14:48,14,CALL,100,59,0.59,41,0.41,25,0.6097560975609756,84,0.84,0.035930319112925824
USDZAR_otc,859,14:19,14,CALL,100,62,0.62,38,0.38,21,0.5526315789473685,83,0.83,0.008197535924596155
USDZAR_otc,884,14:44,14,PUT,100,59,0.59,41,0.41,24,0.5853658536585366,83,0.83,0.035930319112925824
USDZAR_otc,1144,19:04,19,PUT,100,65,0.65,35,0.35,21,0.6,86,0.86,0.0013498980316301035
USDZAR_otc,1191,19:51,19,PUT,100,59,0.59,41,0.41,27,0.6585365853658537,86,0.86,0.035930319112925824
USDZAR_otc,35,00:35,0,PUT,100,58,0.58,42,0.42,26,0.6190476190476191,84,0.84,0.054799291699557995
USDZAR_otc,45,00:45,0,CALL,100,59,0.59,41,0.41,23,0.5609756097560976,82,0.82,0.035930319112925824
USDZAR_otc,134,02:14,2,CALL,100,65,0.65,35,0.35,22,0.6285714285714286,87,0.87,0.0013498980316301035
USDZAR_otc,151,02:31,2,CALL,100,63,0.63,37,0.37,23,0.6216216216216216,86,0.86,0.004661188023718732
USDZAR_otc,169,02:49,2,PUT,100,60,0.6,40,0.4,23,0.575,83,0.83,0.02275013194817921
USDZAR_otc,191,03:11,3,PUT,100,59,0.59,41,0.41,24,0.5853658536585366,83,0.83,0.035930319112925824
USDZAR_otc,228,03:48,3,PUT,100,59,0.59,41,0.41,23,0.5609756097560976,82,0.82,0.035930319112925824
USDZAR_otc,246,04:06,4,CALL,100,60,0.6,40,0.4,22,0.55,82,0.82,0.02275013194817921
USDZAR_otc,311,05:11,5,CALL,100,59,0.59,41,0.41,27,0.6585365853658537,86,0.86,0.035930319112925824
USDZAR_otc,330,05:30,5,CALL,100,59,0.59,41,0.41,27,0.6585365853658537,86,0.86,0.035930319112925824
USDZAR_otc,323,05:23,5,CALL,100,59,0.59,41,0.41,26,0.6341463414634146,85,0.85,0.035930319112925824
USDZAR_otc,305,05:05,5,CALL,100,58,0.58,42,0.42,26,0.6190476190476191,84,0.84,0.054799291699557995
USDZAR_otc,322,05:22,5,CALL,100,58,0.58,42,0.42,25,0.5952380952380952,83,0.83,0.054799291699557995
USDZAR_otc,377,06:17,6,PUT,100,59,0.59,41,0.41,27,0.6585365853658537,86,0.86,0.035930319112925824
USDZAR_otc,365,06:05,6,PUT,100,61,0.61,39,0.39,22,0.5641025641025641,83,0.83,0.01390344751349859
USDZAR_otc,389,06:29,6,PUT,100,59,0.59,41,0.41,24,0.5853658536585366,83,0.83,0.035930319112925824
USDZAR_otc,442,07:22,7,PUT,100,63,0.63,37,0.37,22,0.5945945945945946,85,0.85,0.004661188023718732
USDZAR_otc,472,07:52,7,CALL,100,58,0.58,42,0.42,26,0.6190476190476191,84,0.84,0.054799291699557995
USDZAR_otc,462,07:42,7,PUT,100,58,0.58,42,0.42,25,0.5952380952380952,83,0.83,0.054799291699557995
USDZAR_otc,501,08:21,8,CALL,100,58,0.58,42,0.42,26,0.6190476190476191,84,0.84,0.054799291699557995
USDZAR_otc,495,08:15,8,PUT,100,61,0.61,39,0.39,22,0.5641025641025641,83,0.83,0.01390344751349859
USDPHP_otc,691,11:31,11,PUT,100,59,0.59,41,0.41,27,0.6585365853658537,86,0.86,0.035930319112925824
USDPHP_otc,671,11:11,11,CALL,100,60,0.6,40,0.4,23,0.575,83,0.83,0.02275013194817921
USDPHP_otc,1057,17:37,17,PUT,100,61,0.61,39,0.39,24,0.6153846153846154,85,0.85,0.01390344751349859
USDPHP_otc,1067,17:47,17,PUT,100,61,0.61,39,0.39,22,0.5641025641025641,83,0.83,0.01390344751349859
USDPHP_otc,1201,20:01,20,PUT,100,63,0.63,37,0.37,22,0.5945945945945946,85,0.85,0.004661188023718732
USDPHP_otc,1216,20:16,20,PUT,100,58,0.58,42,0.42,27,0.6428571428571429,85,0.85,0.054799291699557995
USDPHP_otc,1239,20:39,20,PUT,100,61,0.61,39,0.39,22,0.5641025641025641,83,0.83,0.01390344751349859
USDPHP_otc,1218,20:18,20,PUT,100,60,0.6,40,0.4,22,0.55,82,0.82,0.02275013194817921
USDPHP_otc,1244,20:44,20,PUT,100,58,0.58,42,0.42,24,0.5714285714285714,82,0.82,0.054799291699557995
USDPHP_otc,596,09:56,9,PUT,100,59,0.59,41,0.41,27,0.6585365853658537,86,0.86,0.035930319112925824
USDPHP_otc,551,09:11,9,PUT,100,63,0.63,37,0.37,22,0.5945945945945946,85,0.85,0.004661188023718732
USDPHP_otc,574,09:34,9,PUT,100,59,0.59,41,0.41,25,0.6097560975609756,84,0.84,0.035930319112925824
USDPHP_otc,597,09:57,9,PUT,100,58,0.58,42,0.42,26,0.6190476190476191,84,0.84,0.054799291699557995
USDPHP_otc,568,09:28,9,PUT,100,59,0.59,41,0.41,24,0.5853658536585366,83,0.83,0.035930319112925824
USDPHP_otc,579,09:39,9,CALL,100,59,0.59,41,0.41,24,0.5853658536585366,83,0.83,0.035930319112925824
USDPHP_otc,554,09:14,9,PUT,100,59,0.59,41,0.41,23,0.5609756097560976,82,0.82,0.035930319112925824
USDPHP_otc,569,09:29,9,PUT,100,58,0.58,42,0.42,24,0.5714285714285714,82,0.82,0.054799291699557995
USDPHP_otc,1134,18:54,18,PUT,100,61,0.61,39,0.39,24,0.6153846153846154,85,0.85,0.01390344751349859
USDPHP_otc,1102,18:22,18,CALL,100,58,0.58,42,0.42,25,0.5952380952380952,83,0.83,0.054799291699557995
USDPHP_otc,1135,18:55,18,PUT,100,60,0.6,40,0.4,23,0.575,83,0.83,0.02275013194817921
USDPHP_otc,1100,18:20,18,CALL,100,58,0.58,42,0.42,24,0.5714285714285714,82,0.82,0.054799291699557995
USDPHP_otc,758,12:38,12,PUT,100,58,0.58,42,0.42,26,0.6190476190476191,84,0.84,0.054799291699557995
USDPHP_otc,759,12:39,12,PUT,100,62,0.62,38,0.38,21,0.5526315789473685,83,0.83,0.008197535924596155
USDPHP_otc,734,12:14,12,CALL,100,59,0.59,41,0.41,23,0.5609756097560976,82,0.82,0.035930319112925824
USDPHP_otc,784,13:04,13,PUT,100,60,0.6,40,0.4,28,0.7,88,0.88,0.02275013194817921
USDPHP_otc,801,13:21,13,CALL,100,60,0.6,40,0.4,22,0.55,82,0.82,0.02275013194817921
USDPHP_otc,812,13:32,13,PUT,100,59,0.59,41,0.41,23,0.5609756097560976,82,0.82,0.035930319112925824
USDPHP_otc,1148,19:08,19,CALL,100,65,0.65,35,0.35,20,0.5714285714285714,85,0.85,0.0013498980316301035
USDPHP_otc,1142,19:02,19,PUT,100,58,0.58,42,0.42,24,0.5714285714285714,82,0.82,0.054799291699557995
USDPHP_otc,1159,19:19,19,CALL,100,58,0.58,42,0.42,24,0.5714285714285714,82,0.82,0.054799291699557995
USDPHP_otc,1187,19:47,19,CALL,100,58,0.58,42,0.42,24,0.5714285714285714,82,0.82,0.054799291699557995
USDPHP_otc,1362,22:42,22,CALL,100,59,0.59,41,0.41,26,0.6341463414634146,85,0.85,0.035930319112925824
USDPHP_otc,109,01:49,1,PUT,100,58,0.58,42,0.42,30,0.7142857142857143,88,0.88,0.054799291699557995
USDPHP_otc,104,01:44,1,PUT,100,61,0.61,39,0.39,25,0.6410256410256411,86,0.86,0.01390344751349859
USDPHP_otc,62,01:02,1,PUT,100,59,0.59,41,0.41,23,0.5609756097560976,82,0.82,0.035930319112925824
USDPHP_otc,123,02:03,2,PUT,100,58,0.58,42,0.42,26,0.6190476190476191,84,0.84,0.054799291699557995
USDPHP_otc,150,02:30,2,PUT,100,60,0.6,40,0.4,23,0.575,83,0.83,0.02275013194817921
USDPHP_otc,231,03:51,3,CALL,100,63,0.63,37,0.37,24,0.6486486486486487,87,0.87,0.004661188023718732
USDPHP_otc,180,03:00,3,CALL,100,58,0.58,42,0.42,27,0.6428571428571429,85,0.85,0.054799291699557995
USDPHP_otc,200,03:20,3,PUT,100,59,0.59,41,0.41,23,0.5609756097560976,82,0.82,0.035930319112925824
USDPHP_otc,291,04:51,4,PUT,100,64,0.64,36,0.36,20,0.5555555555555556,84,0.84,0.002555130330427924
USDPHP_otc,251,04:11,4,CALL,100,59,0.59,41,0.41,23,0.5609756097560976,82,0.82,0.035930319112925824
USDPHP_otc,304,05:04,5,PUT,100,58,0.58,42,0.42,24,0.5714285714285714,82,0.82,0.054799291699557995
USDPHP_otc,329,05:29,5,PUT,100,59,0.59,41,0.41,23,0.5609756097560976,82,0.82,0.035930319112925824
USDPHP_otc,348,05:48,5,PUT,100,58,0.58,42,0.42,24,0.5714285714285714,82,0.82,0.054799291699557995
USDPHP_otc,401,06:41,6,PUT,100,58,0.58,42,0.42,27,0.6428571428571429,85,0.85,0.054799291699557995
USDPHP_otc,397,06:37,6,PUT,100,58,0.58,42,0.42,25,0.5952380952380952,83,0.83,0.054799291699557995
USDPHP_otc,404,06:44,6,PUT,100,59,0.59,41,0.41,24,0.5853658536585366,83,0.83,0.035930319112925824
USDPHP_otc,440,07:20,7,PUT,100,61,0.61,39,0.39,27,0.6923076923076923,88,0.88,0.01390344751349859
USDPHP_otc,476,07:56,7,CALL,100,59,0.59,41,0.41,23,0.5609756097560976,82,0.82,0.035930319112925824
USDPHP_otc,497,08:17,8,CALL,100,61,0.61,39,0.39,24,0.6153846153846154,85,0.85,0.01390344751349859
USDMXN_otc,717,11:57,11,CALL,100,63,0.63,37,0.37,22,0.5945945945945946,85,0.85,0.004661188023718732
USDMXN_otc,712,11:52,11,CALL,100,64,0.64,36,0.36,20,0.5555555555555556,84,0.84,0.002555130330427924
USDMXN_otc,714,11:54,11,PUT,100,60,0.6,40,0.4,23,0.575,83,0.83,0.02275013194817921
USDMXN_otc,1059,17:39,17,CALL,100,58,0.58,42,0.42,25,0.5952380952380952,83,0.83,0.054799291699557995
USDMXN_otc,1074,17:54,17,CALL,100,58,0.58,42,0.42,24,0.5714285714285714,82,0.82,0.054799291699557995
USDMXN_otc,1075,17:55,17,CALL,100,60,0.6,40,0.4,22,0.55,82,0.82,0.02275013194817921
USDMXN_otc,1247,20:47,20,PUT,100,62,0.62,38,0.38,27,0.7105263157894737,89,0.89,0.008197535924596155
USDMXN_otc,1220,20:20,20,PUT,100,58,0.58,42,0.42,26,0.6190476190476191,84,0.84,0.054799291699557995
USDMXN_otc,956,15:56,15,CALL,100,59,0.59,41,0.41,24,0.5853658536585366,83,0.83,0.035930319112925824
USDMXN_otc,592,09:52,9,PUT,100,58,0.58,42,0.42,25,0.5952380952380952,83,0.83,0.054799291699557995
USDMXN_otc,596,09:56,9,PUT,100,58,0.58,42,0.42,25,0.5952380952380952,83,0.83,0.054799291699557995
USDMXN_otc,555,09:15,9,PUT,100,60,0.6,40,0.4,22,0.55,82,0.82,0.02275013194817921
USDMXN_otc,593,09:53,9,PUT,100,59,0.59,41,0.41,23,0.5609756097560976,82,0.82,0.035930319112925824
USDMXN_otc,1121,18:41,18,PUT,100,59,0.59,41,0.41,24,0.5853658536585366,83,0.83,0.035930319112925824
USDMXN_otc,766,12:46,12,PUT,100,58,0.58,42,0.42,28,0.6666666666666666,86,0.86,0.054799291699557995
USDMXN_otc,779,12:59,12,CALL,100,58,0.58,42,0.42,28,0.6666666666666666,86,0.86,0.054799291699557995
USDMXN_otc,735,12:15,12,CALL,100,62,0.62,38,0.38,22,0.5789473684210527,84,0.84,0.008197535924596155
USDMXN_otc,770,12:50,12,CALL,100,60,0.6,40,0.4,23,0.575,83,0.83,0.02275013194817921
USDMXN_otc,794,13:14,13,PUT,100,61,0.61,39,0.39,22,0.5641025641025641,83,0.83,0.01390344751349859
USDMXN_otc,802,13:22,13,PUT,100,58,0.58,42,0.42,25,0.5952380952380952,83,0.83,0.054799291699557995
USDMXN_otc,827,13:47,13,CALL,100,58,0.58,42,0.42,25,0.5952380952380952,83,0.83,0.054799291699557995
USDMXN_otc,841,14:01,14,PUT,100,58,0.58,42,0.42,28,0.6666666666666666,86,0.86,0.054799291699557995
USDMXN_otc,889,14:49,14,PUT,100,63,0.63,37,0.37,21,0.5675675675675675,84,0.84,0.004661188023718732
USDMXN_otc,1167,19:27,19,CALL,100,63,0.63,37,0.37,24,0.6486486486486487,87,0.87,0.004661188023718732
USDMXN_otc,1151,19:11,19,CALL,100,59,0.59,41,0.41,25,0.6097560975609756,84,0.84,0.035930319112925824
USDMXN_otc,1366,22:46,22,CALL,100,58,0.58,42,0.42,25,0.5952380952380952,83,0.83,0.054799291699557995
USDMXN_otc,27,00:27,0,PUT,100,58,0.58,42,0.42,28,0.6666666666666666,86,0.86,0.054799291699557995
USDMXN_otc,45,00:45,0,CALL,100,58,0.58,42,0.42,24,0.5714285714285714,82,0.82,0.054799291699557995
USDMXN_otc,60,01:00,1,PUT,100,58,0.58,42,0.42,26,0.6190476190476191,84,0.84,0.054799291699557995
USDMXN_otc,90,01:30,1,PUT,100,62,0.62,38,0.38,22,0.5789473684210527,84,0.84,0.008197535924596155
USDMXN_otc,109,01:49,1,PUT,100,59,0.59,41,0.41,23,0.5609756097560976,82,0.82,0.035930319112925824
USDMXN_otc,191,03:11,3,PUT,100,58,0.58,42,0.42,24,0.5714285714285714,82,0.82,0.054799291699557995
USDMXN_otc,242,04:02,4,CALL,100,59,0.59,41,0.41,24,0.5853658536585366,83,0.83,0.035930319112925824
USDMXN_otc,305,05:05,5,PUT,100,62,0.62,38,0.38,21,0.5526315789473685,83,0.83,0.008197535924596155
USDMXN_otc,394,06:34,6,CALL,100,58,0.58,42,0.42,29,0.6904761904761905,87,0.87,0.054799291699557995
USDMXN_otc,400,06:40,6,PUT,100,65,0.65,35,0.35,20,0.5714285714285714,85,0.85,0.0013498980316301035
USDMXN_otc,393,06:33,6,CALL,100,59,0.59,41,0.41,25,0.6097560975609756,84,0.84,0.035930319112925824
USDMXN_otc,411,06:51,6,PUT,100,60,0.6,40,0.4,23,0.575,83,0.83,0.02275013194817921
USDMXN_otc,454,07:34,7,PUT,100,58,0.58,42,0.42,28,0.6666666666666666,86,0.86,0.054799291699557995
USDMXN_otc,483,08:03,8,PUT,100,62,0.62,38,0.38,22,0.5789473684210527,84,0.84,0.008197535924596155
USDPKR_otc,707,11:47,11,PUT,100,62,0.62,38,0.38,24,0.631578947368421,86,0.86,0.008197535924596155
USDPKR_otc,662,11:02,11,PUT,100,60,0.6,40,0.4,23,0.575,83,0.83,0.02275013194817921
USDPKR_otc,695,11:35,11,PUT,100,60,0.6,40,0.4,22,0.55,82,0.82,0.02275013194817921
USDPKR_otc,1056,17:36,17,CALL,100,62,0.62,38,0.38,21,0.5526315789473685,83,0.83,0.008197535924596155
USDPKR_otc,1250,20:50,20,PUT,100,60,0.6,40,0.4,22,0.55,82,0.82,0.02275013194817921
USDPKR_otc,905,15:05,15,PUT,100,59,0.59,41,0.41,27,0.6585365853658537,86,0.86,0.035930319112925824
USDPKR_otc,568,09:28,9,PUT,100,60,0.6,40,0.4,26,0.65,86,0.86,0.02275013194817921
USDPKR_otc,578,09:38,9,CALL,100,62,0.62,38,0.38,21,0.5526315789473685,83,0.83,0.008197535924596155
USDPKR_otc,581,09:41,9,CALL,100,60,0.6,40,0.4,22,0.55,82,0.82,0.02275013194817921
USDPKR_otc,757,12:37,12,PUT,100,60,0.6,40,0.4,22,0.55,82,0.82,0.02275013194817921
USDPKR_otc,772,12:52,12,CALL,100,60,0.6,40,0.4,22,0.55,82,0.82,0.02275013194817921
USDPKR_otc,811,13:31,13,PUT,100,61,0.61,39,0.39,27,0.6923076923076923,88,0.88,0.01390344751349859
USDPKR_otc,789,13:09,13,PUT,100,64,0.64,36,0.36,21,0.5833333333333334,85,0.85,0.002555130330427924
USDPKR_otc,824,13:44,13,PUT,100,58,0.58,42,0.42,27,0.6428571428571429,85,0.85,0.054799291699557995
USDPKR_otc,808,13:28,13,PUT,100,60,0.6,40,0.4,24,0.6,84,0.84,0.02275013194817921
USDPKR_otc,796,13:16,13,PUT,100,59,0.59,41,0.41,24,0.5853658536585366,83,0.83,0.035930319112925824
USDPKR_otc,800,13:20,13,PUT,100,58,0.58,42,0.42,25,0.5952380952380952,83,0.83,0.054799291699557995
USDPKR_otc,1329,22:09,22,PUT,100,59,0.59,41,0.41,25,0.6097560975609756,84,0.84,0.035930319112925824
USDPKR_otc,1350,22:30,22,PUT,100,59,0.59,41,0.41,23,0.5609756097560976,82,0.82,0.035930319112925824
USDPKR_otc,1367,22:47,22,CALL,100,59,0.59,41,0.41,23,0.5609756097560976,82,0.82,0.035930319112925824
USDPKR_otc,34,00:34,0,PUT,100,60,0.6,40,0.4,24,0.6,84,0.84,0.02275013194817921
USDPKR_otc,37,00:37,0,PUT,100,59,0.59,41,0.41,23,0.5609756097560976,82,0.82,0.035930319112925824
USDPKR_otc,109,01:49,1,PUT,100,58,0.58,42,0.42,25,0.5952380952380952,83,0.83,0.054799291699557995
USDPKR_otc,71,01:11,1,PUT,100,59,0.59,41,0.41,23,0.5609756097560976,82,0.82,0.035930319112925824
USDPKR_otc,139,02:19,2,CALL,100,60,0.6,40,0.4,22,0.55,82,0.82,0.02275013194817921
USDPKR_otc,202,03:22,3,PUT,100,58,0.58,42,0.42,29,0.6904761904761905,87,0.87,0.054799291699557995
USDPKR_otc,199,03:19,3,PUT,100,62,0.62,38,0.38,23,0.6052631578947368,85,0.85,0.008197535924596155
USDPKR_otc,273,04:33,4,PUT,100,58,0.58,42,0.42,27,0.6428571428571429,85,0.85,0.054799291699557995
USDPKR_otc,255,04:15,4,PUT,100,58,0.58,42,0.42,26,0.6190476190476191,84,0.84,0.054799291699557995
USDPKR_otc,254,04:14,4,PUT,100,58,0.58,42,0.42,24,0.5714285714285714,82,0.82,0.054799291699557995
USDPKR_otc,335,05:35,5,CALL,100,58,0.58,42,0.42,27,0.6428571428571429,85,0.85,0.054799291699557995
USDPKR_otc,337,05:37,5,PUT,100,58,0.58,42,0.42,26,0.6190476190476191,84,0.84,0.054799291699557995
USDPKR_otc,301,05:01,5,PUT,100,60,0.6,40,0.4,23,0.575,83,0.83,0.02275013194817921
USDPKR_otc,388,06:28,6,PUT,100,61,0.61,39,0.39,25,0.6410256410256411,86,0.86,0.01390344751349859
USDPKR_otc,407,06:47,6,PUT,100,60,0.6,40,0.4,25,0.625,85,0.85,0.02275013194817921
USDPKR_otc,376,06:16,6,CALL,100,58,0.58,42,0.42,24,0.5714285714285714,82,0.82,0.054799291699557995
USDPKR_otc,460,07:40,7,PUT,100,63,0.63,37,0.37,21,0.5675675675675675,84,0.84,0.004661188023718732
USDPKR_otc,461,07:41,7,PUT,100,61,0.61,39,0.39,23,0.5897435897435898,84,0.84,0.01390344751349859
USDPKR_otc,426,07:06,7,CALL,100,60,0.6,40,0.4,22,0.55,82,0.82,0.02275013194817921
USDPKR_otc,538,08:58,8,PUT,100,59,0.59,41,0.41,26,0.6341463414634146,85,0.85,0.035930319112925824
USDPKR_otc,515,08:35,8,PUT,100,62,0.62,38,0.38,22,0.5789473684210527,84,0.84,0.008197535924596155
USDEGP_otc,1020,17:00,17,CALL,100,62,0.62,38,0.38,23,0.6052631578947368,85,0.85,0.008197535924596155
USDEGP_otc,1033,17:13,17,PUT,100,58,0.58,42,0.42,25,0.5952380952380952,83,0.83,0.054799291699557995
USDEGP_otc,1056,17:36,17,CALL,100,59,0.59,41,0.41,23,0.5609756097560976,82,0.82,0.035930319112925824
USDEGP_otc,1071,17:51,17,CALL,100,58,0.58,42,0.42,24,0.5714285714285714,82,0.82,0.054799291699557995
USDEGP_otc,954,15:54,15,PUT,100,60,0.6,40,0.4,24,0.6,84,0.84,0.02275013194817921
USDEGP_otc,937,15:37,15,PUT,100,60,0.6,40,0.4,22,0.55,82,0.82,0.02275013194817921
USDEGP_otc,572,09:32,9,PUT,100,58,0.58,42,0.42,26,0.6190476190476191,84,0.84,0.054799291699557995
USDEGP_otc,548,09:08,9,PUT,100,58,0.58,42,0.42,25,0.5952380952380952,83,0.83,0.054799291699557995
USDEGP_otc,549,09:09,9,PUT,100,59,0.59,41,0.41,23,0.5609756097560976,82,0.82,0.035930319112925824
USDEGP_otc,1095,18:15,18,PUT,100,58,0.58,42,0.42,29,0.6904761904761905,87,0.87,0.054799291699557995
USDEGP_otc,1115,18:35,18,PUT,100,61,0.61,39,0.39,25,0.6410256410256411,86,0.86,0.01390344751349859
USDEGP_otc,1085,18:05,18,PUT,100,62,0.62,38,0.38,21,0.5526315789473685,83,0.83,0.008197535924596155
USDEGP_otc,741,12:21,12,PUT,100,62,0.62,38,0.38,26,0.6842105263157895,88,0.88,0.008197535924596155
USDEGP_otc,764,12:44,12,PUT,100,59,0.59,41,0.41,28,0.6829268292682927,87,0.87,0.035930319112925824
USDEGP_otc,762,12:42,12,CALL,100,63,0.63,37,0.37,22,0.5945945945945946,85,0.85,0.004661188023718732
USDEGP_otc,736,12:16,12,PUT,100,61,0.61,39,0.39,23,0.5897435897435898,84,0.84,0.01390344751349859
USDEGP_otc,738,12:18,12,CALL,100,60,0.6,40,0.4,24,0.6,84,0.84,0.02275013194817921
USDEGP_otc,768,12:48,12,PUT,100,60,0.6,40,0.4,24,0.6,84,0.84,0.02275013194817921
USDEGP_otc,860,14:20,14,PUT,100,62,0.62,38,0.38,23,0.6052631578947368,85,0.85,0.008197535924596155
USDEGP_otc,1165,19:25,19,PUT,100,61,0.61,39,0.39,26,0.6666666666666666,87,0.87,0.01390344751349859
USDEGP_otc,1166,19:26,19,PUT,100,63,0.63,37,0.37,23,0.6216216216216216,86,0.86,0.004661188023718732
USDEGP_otc,1192,19:52,19,CALL,100,60,0.6,40,0.4,24,0.6,84,0.84,0.02275013194817921
USDEGP_otc,1145,19:05,19,PUT,100,58,0.58,42,0.42,24,0.5714285714285714,82,0.82,0.054799291699557995
USDEGP_otc,1323,22:03,22,PUT,100,59,0.59,41,0.41,25,0.6097560975609756,84,0.84,0.035930319112925824
USDEGP_otc,1358,22:38,22,PUT,100,59,0.59,41,0.41,24,0.5853658536585366,83,0.83,0.035930319112925824
USDEGP_otc,16,00:16,0,PUT,100,64,0.64,36,0.36,22,0.6111111111111112,86,0.86,0.002555130330427924
USDEGP_otc,33,00:33,0,PUT,100,60,0.6,40,0.4,25,0.625,85,0.85,0.02275013194817921
USDEGP_otc,25,00:25,0,PUT,100,62,0.62,38,0.38,22,0.5789473684210527,84,0.84,0.008197535924596155
USDEGP_otc,176,02:56,2,PUT,100,65,0.65,35,0.35,22,0.6285714285714286,87,0.87,0.0013498980316301035
USDEGP_otc,163,02:43,2,PUT,100,60,0.6,40,0.4,22,0.55,82,0.82,0.02275013194817921
USDEGP_otc,192,03:12,3,PUT,100,62,0.62,38,0.38,22,0.5789473684210527,84,0.84,0.008197535924596155
USDEGP_otc,235,03:55,3,CALL,100,58,0.58,42,0.42,25,0.5952380952380952,83,0.83,0.054799291699557995
USDEGP_otc,207,03:27,3,PUT,100,59,0.59,41,0.41,23,0.5609756097560976,82,0.82,0.035930319112925824
USDEGP_otc,254,04:14,4,PUT,100,60,0.6,40,0.4,25,0.625,85,0.85,0.02275013194817921
USDEGP_otc,261,04:21,4,CALL,100,61,0.61,39,0.39,24,0.6153846153846154,85,0.85,0.01390344751349859
USDEGP_otc,274,04:34,4,PUT,100,59,0.59,41,0.41,26,0.6341463414634146,85,0.85,0.035930319112925824
USDEGP_otc,349,05:49,5,PUT,100,61,0.61,39,0.39,23,0.5897435897435898,84,0.84,0.01390344751349859
USDEGP_otc,303,05:03,5,PUT,100,62,0.62,38,0.38,21,0.5526315789473685,83,0.83,0.008197535924596155
USDEGP_otc,337,05:37,5,CALL,100,61,0.61,39,0.39,22,0.5641025641025641,83,0.83,0.01390344751349859
USDEGP_otc,363,06:03,6,PUT,100,66,0.66,34,0.34,21,0.6176470588235294,87,0.87,0.0006871379379158604
USDEGP_otc,376,06:16,6,PUT,100,60,0.6,40,0.4,23,0.575,83,0.83,0.02275013194817921
USDEGP_otc,430,07:10,7,CALL,100,58,0.58,42,0.42,24,0.5714285714285714,82,0.82,0.054799291699557995
USDEGP_otc,434,07:14,7,CALL,100,58,0.58,42,0.42,24,0.5714285714285714,82,0.82,0.054799291699557995
USDEGP_otc,510,08:30,8,PUT,100,60,0.6,40,0.4,28,0.7,88,0.88,0.02275013194817921
USDEGP_otc,522,08:42,8,CALL,100,58,0.58,42,0.42,29,0.6904761904761905,87,0.87,0.054799291699557995
