exploit_id,asset,direction,pattern,entry_time_utc,combined_win_rate
1,USDZAR_otc,SELL,red_bar+5greens+bb_upper_breach,23:42,90.9090909090909
1,USDZAR_otc,SELL,red_bar+5greens+bb_upper_breach,22:25,90.9090909090909
1,USDZAR_otc,SELL,red_bar+5greens+bb_upper_breach,13:41,90.9090909090909
1,USDZAR_otc,SELL,red_bar+5greens+bb_upper_breach,12:46,90.9090909090909
1,USDZAR_otc,SELL,red_bar+5greens+bb_upper_breach,03:50,90.9090909090909
1,USDZAR_otc,SELL,red_bar+5greens+bb_upper_breach,07:35,90.9090909090909
1,USDZAR_otc,SELL,red_bar+5greens+bb_upper_breach,10:09,90.9090909090909
1,USDZAR_otc,SELL,red_bar+5greens+bb_upper_breach,16:17,90.9090909090909
1,USDZAR_otc,SELL,red_bar+5greens+bb_upper_breach,22:20,90.9090909090909
1,USDZAR_otc,SELL,red_bar+5greens+bb_upper_breach,02:17,90.9090909090909
1,USDZAR_otc,SELL,red_bar+5greens+bb_upper_breach,09:11,90.9090909090909
1,USDZAR_otc,SELL,red_bar+5greens+bb_upper_breach,02:30,90.9090909090909
1,USDZAR_otc,SELL,red_bar+5greens+bb_upper_breach,11:23,90.9090909090909
1,USDZAR_otc,SELL,red_bar+5greens+bb_upper_breach,18:38,90.9090909090909
1,USDZAR_otc,SELL,red_bar+5greens+bb_upper_breach,22:29,90.9090909090909
1,USDZAR_otc,SELL,red_bar+5greens+bb_upper_breach,12:55,90.9090909090909
1,USDZAR_otc,SELL,red_bar+5greens+bb_upper_breach,20:28,90.9090909090909
1,USDZAR_otc,SELL,red_bar+5greens+bb_upper_breach,23:53,90.9090909090909
1,USDZAR_otc,SELL,red_bar+5greens+bb_upper_breach,09:45,90.9090909090909
1,USDZAR_otc,SELL,red_bar+5greens+bb_upper_breach,16:42,90.9090909090909
1,USDZAR_otc,SELL,red_bar+5greens+bb_upper_breach,19:25,90.9090909090909
1,USDZAR_otc,SELL,red_bar+5greens+bb_upper_breach,04:17,90.9090909090909
1,USDZAR_otc,SELL,red_bar+5greens+bb_upper_breach,00:17,90.9090909090909
1,USDZAR_otc,SELL,red_bar+5greens+bb_upper_breach,05:29,90.9090909090909
1,USDZAR_otc,SELL,red_bar+5greens+bb_upper_breach,18:13,90.9090909090909
1,USDZAR_otc,SELL,red_bar+5greens+bb_upper_breach,19:52,90.9090909090909
1,USDZAR_otc,SELL,red_bar+5greens+bb_upper_breach,19:52,90.9090909090909
1,USDZAR_otc,SELL,red_bar+5greens+bb_upper_breach,20:22,90.9090909090909
1,USDZAR_otc,SELL,red_bar+5greens+bb_upper_breach,13:44,90.9090909090909
1,USDZAR_otc,SELL,red_bar+5greens+bb_upper_breach,17:52,90.9090909090909
1,USDZAR_otc,SELL,red_bar+5greens+bb_upper_breach,02:39,90.9090909090909
1,USDZAR_otc,SELL,red_bar+5greens+bb_upper_breach,20:52,90.9090909090909
1,USDZAR_otc,SELL,red_bar+5greens+bb_upper_breach,21:02,90.9090909090909
2,BRLUSD_otc,SELL,star+2greens+bb_upper_breach,01:24,95.45454545454545
2,BRLUSD_otc,SELL,star+2greens+bb_upper_breach,19:22,95.45454545454545
2,BRLUSD_otc,SELL,star+2greens+bb_upper_breach,10:12,95.45454545454545
2,BRLUSD_otc,SELL,star+2greens+bb_upper_breach,06:40,95.45454545454545
2,BRLUSD_otc,SELL,star+2greens+bb_upper_breach,09:58,95.45454545454545
2,BRLUSD_otc,SELL,star+2greens+bb_upper_breach,11:56,95.45454545454545
2,BRLUSD_otc,SELL,star+2greens+bb_upper_breach,14:32,95.45454545454545
2,BRLUSD_otc,SELL,star+2greens+bb_upper_breach,17:48,95.45454545454545
2,BRLUSD_otc,SELL,star+2greens+bb_upper_breach,03:55,95.45454545454545
2,BRLUSD_otc,SELL,star+2greens+bb_upper_breach,22:07,95.45454545454545
2,BRLUSD_otc,SELL,star+2greens+bb_upper_breach,22:02,95.45454545454545
2,BRLUSD_otc,SELL,star+2greens+bb_upper_breach,10:07,95.45454545454545
2,BRLUSD_otc,SELL,star+2greens+bb_upper_breach,17:33,95.45454545454545
2,BRLUSD_otc,SELL,star+2greens+bb_upper_breach,08:22,95.45454545454545
2,BRLUSD_otc,SELL,star+2greens+bb_upper_breach,13:08,95.45454545454545
2,BRLUSD_otc,SELL,star+2greens+bb_upper_breach,04:55,95.45454545454545
2,BRLUSD_otc,SELL,star+2greens+bb_upper_breach,12:34,95.45454545454545
2,BRLUSD_otc,SELL,star+2greens+bb_upper_breach,19:18,95.45454545454545
2,BRLUSD_otc,SELL,star+2greens+bb_upper_breach,22:56,95.45454545454545
2,BRLUSD_otc,SELL,star+2greens+bb_upper_breach,10:08,95.45454545454545
2,BRLUSD_otc,SELL,star+2greens+bb_upper_breach,12:38,95.45454545454545
2,BRLUSD_otc,SELL,star+2greens+bb_upper_breach,09:13,95.45454545454545
3,USDIDR_otc,SELL,star+3greens+bb_upper_breach,17:57,95.45454545454545
3,USDIDR_otc,SELL,star+3greens+bb_upper_breach,00:32,95.45454545454545
3,USDIDR_otc,SELL,star+3greens+bb_upper_breach,02:32,95.45454545454545
3,USDIDR_otc,SELL,star+3greens+bb_upper_breach,10:21,95.45454545454545
3,USDIDR_otc,SELL,star+3greens+bb_upper_breach,11:50,95.45454545454545
3,USDIDR_otc,SELL,star+3greens+bb_upper_breach,04:24,95.45454545454545
3,USDIDR_otc,SELL,star+3greens+bb_upper_breach,18:21,95.45454545454545
3,USDIDR_otc,SELL,star+3greens+bb_upper_breach,13:36,95.45454545454545
3,USDIDR_otc,SELL,star+3greens+bb_upper_breach,14:50,95.45454545454545
3,USDIDR_otc,SELL,star+3greens+bb_upper_breach,05:10,95.45454545454545
3,USDIDR_otc,SELL,star+3greens+bb_upper_breach,07:22,95.45454545454545
3,USDIDR_otc,SELL,star+3greens+bb_upper_breach,04:26,95.45454545454545
3,USDIDR_otc,SELL,star+3greens+bb_upper_breach,06:21,95.45454545454545
3,USDIDR_otc,SELL,star+3greens+bb_upper_breach,11:03,95.45454545454545
3,USDIDR_otc,SELL,star+3greens+bb_upper_breach,14:08,95.45454545454545
3,USDIDR_otc,SELL,star+3greens+bb_upper_breach,17:57,95.45454545454545
3,USDIDR_otc,SELL,star+3greens+bb_upper_breach,10:39,95.45454545454545
3,USDIDR_otc,SELL,star+3greens+bb_upper_breach,03:59,95.45454545454545
3,USDIDR_otc,SELL,star+3greens+bb_upper_breach,04:26,95.45454545454545
3,USDIDR_otc,SELL,star+3greens+bb_upper_breach,23:01,95.45454545454545
3,USDIDR_otc,SELL,star+3greens+bb_upper_breach,15:20,95.45454545454545
3,USDIDR_otc,SELL,star+3greens+bb_upper_breach,04:26,95.45454545454545
4,BRLUSD_otc,SELL,star+4greens+body_shrinking,06:17,87.09677419354838
4,BRLUSD_otc,SELL,star+4greens+body_shrinking,09:58,87.09677419354838
4,BRLUSD_otc,SELL,star+4greens+body_shrinking,11:56,87.09677419354838
4,BRLUSD_otc,SELL,star+4greens+body_shrinking,17:48,87.09677419354838
4,BRLUSD_otc,SELL,star+4greens+body_shrinking,08:33,87.09677419354838
4,BRLUSD_otc,SELL,star+4greens+body_shrinking,09:28,87.09677419354838
4,BRLUSD_otc,SELL,star+4greens+body_shrinking,22:02,87.09677419354838
4,BRLUSD_otc,SELL,star+4greens+body_shrinking,05:00,87.09677419354838
4,BRLUSD_otc,SELL,star+4greens+body_shrinking,17:33,87.09677419354838
4,BRLUSD_otc,SELL,star+4greens+body_shrinking,05:42,87.09677419354838
4,BRLUSD_otc,SELL,star+4greens+body_shrinking,14:53,87.09677419354838
4,BRLUSD_otc,SELL,star+4greens+body_shrinking,07:34,87.09677419354838
4,BRLUSD_otc,SELL,star+4greens+body_shrinking,23:02,87.09677419354838
4,BRLUSD_otc,SELL,star+4greens+body_shrinking,07:32,87.09677419354838
4,BRLUSD_otc,SELL,star+4greens+body_shrinking,19:00,87.09677419354838
4,BRLUSD_otc,SELL,star+4greens+body_shrinking,09:40,87.09677419354838
4,BRLUSD_otc,SELL,star+4greens+body_shrinking,12:34,87.09677419354838
4,BRLUSD_otc,SELL,star+4greens+body_shrinking,17:42,87.09677419354838
4,BRLUSD_otc,SELL,star+4greens+body_shrinking,08:54,87.09677419354838
4,BRLUSD_otc,SELL,star+4greens+body_shrinking,05:55,87.09677419354838
4,BRLUSD_otc,SELL,star+4greens+body_shrinking,07:47,87.09677419354838
4,BRLUSD_otc,SELL,star+4greens+body_shrinking,09:36,87.09677419354838
4,BRLUSD_otc,SELL,star+4greens+body_shrinking,10:16,87.09677419354838
4,BRLUSD_otc,SELL,star+4greens+body_shrinking,22:56,87.09677419354838
4,BRLUSD_otc,SELL,star+4greens+body_shrinking,02:00,87.09677419354838
4,BRLUSD_otc,SELL,star+4greens+body_shrinking,04:59,87.09677419354838
4,BRLUSD_otc,SELL,star+4greens+body_shrinking,14:19,87.09677419354838
4,BRLUSD_otc,SELL,star+4greens+body_shrinking,17:33,87.09677419354838
4,BRLUSD_otc,SELL,star+4greens+body_shrinking,06:12,87.09677419354838
4,BRLUSD_otc,SELL,star+4greens+body_shrinking,09:13,87.09677419354838
4,BRLUSD_otc,SELL,star+4greens+body_shrinking,19:30,87.09677419354838
5,USDPHP_otc,SELL,doji+5greens+body_growing,15:20,88.88888888888889
5,USDPHP_otc,SELL,doji+5greens+body_growing,18:30,88.88888888888889
5,USDPHP_otc,SELL,doji+5greens+body_growing,18:42,88.88888888888889
5,USDPHP_otc,SELL,doji+5greens+body_growing,20:59,88.88888888888889
5,USDPHP_otc,SELL,doji+5greens+body_growing,07:52,88.88888888888889
5,USDPHP_otc,SELL,doji+5greens+body_growing,14:20,88.88888888888889
5,USDPHP_otc,SELL,doji+5greens+body_growing,22:24,88.88888888888889
5,USDPHP_otc,SELL,doji+5greens+body_growing,06:44,88.88888888888889
5,USDPHP_otc,SELL,doji+5greens+body_growing,05:50,88.88888888888889
5,USDPHP_otc,SELL,doji+5greens+body_growing,12:53,88.88888888888889
5,USDPHP_otc,SELL,doji+5greens+body_growing,23:45,88.88888888888889
5,USDPHP_otc,SELL,doji+5greens+body_growing,01:59,88.88888888888889
5,USDPHP_otc,SELL,doji+5greens+body_growing,10:21,88.88888888888889
5,USDPHP_otc,SELL,doji+5greens+body_growing,15:07,88.88888888888889
5,USDPHP_otc,SELL,doji+5greens+body_growing,23:20,88.88888888888889
5,USDPHP_otc,SELL,doji+5greens+body_growing,00:51,88.88888888888889
5,USDPHP_otc,SELL,doji+5greens+body_growing,16:37,88.88888888888889
5,USDPHP_otc,SELL,doji+5greens+body_growing,20:30,88.88888888888889
5,USDPHP_otc,SELL,doji+5greens+body_growing,11:32,88.88888888888889
5,USDPHP_otc,SELL,doji+5greens+body_growing,16:59,88.88888888888889
5,USDPHP_otc,SELL,doji+5greens+body_growing,06:18,88.88888888888889
5,USDPHP_otc,SELL,doji+5greens+body_growing,08:38,88.88888888888889
5,USDPHP_otc,SELL,doji+5greens+body_growing,13:51,88.88888888888889
5,USDPHP_otc,SELL,doji+5greens+body_growing,22:52,88.88888888888889
5,USDPHP_otc,SELL,doji+5greens+body_growing,16:40,88.88888888888889
5,USDPHP_otc,SELL,doji+5greens+body_growing,18:23,88.88888888888889
5,USDPHP_otc,SELL,doji+5greens+body_growing,11:22,88.88888888888889
5,USDPHP_otc,SELL,doji+5greens+body_growing,22:59,88.88888888888889
5,USDPHP_otc,SELL,doji+5greens+body_growing,06:32,88.88888888888889
5,USDPHP_otc,SELL,doji+5greens+body_growing,09:32,88.88888888888889
5,USDPHP_otc,SELL,doji+5greens+body_growing,19:51,88.88888888888889
5,USDPHP_otc,SELL,doji+5greens+body_growing,02:38,88.88888888888889
5,USDPHP_otc,SELL,doji+5greens+body_growing,23:17,88.88888888888889
5,USDPHP_otc,SELL,doji+5greens+body_growing,01:18,88.88888888888889
5,USDPHP_otc,SELL,doji+5greens+body_growing,05:19,88.88888888888889
5,USDPHP_otc,SELL,doji+5greens+body_growing,11:50,88.88888888888889
6,EURUSD_otc,SELL,red_bar+3greens+macd_cross_down,23:05,88.23529411764706
6,EURUSD_otc,SELL,red_bar+3greens+macd_cross_down,03:02,88.23529411764706
6,EURUSD_otc,SELL,red_bar+3greens+macd_cross_down,15:31,88.23529411764706
6,EURUSD_otc,SELL,red_bar+3greens+macd_cross_down,19:27,88.23529411764706
6,EURUSD_otc,SELL,red_bar+3greens+macd_cross_down,08:42,88.23529411764706
6,EURUSD_otc,SELL,red_bar+3greens+macd_cross_down,18:06,88.23529411764706
6,EURUSD_otc,SELL,red_bar+3greens+macd_cross_down,01:38,88.23529411764706
6,EURUSD_otc,SELL,red_bar+3greens+macd_cross_down,02:45,88.23529411764706
6,EURUSD_otc,SELL,red_bar+3greens+macd_cross_down,12:41,88.23529411764706
6,EURUSD_otc,SELL,red_bar+3greens+macd_cross_down,07:03,88.23529411764706
6,EURUSD_otc,SELL,red_bar+3greens+macd_cross_down,12:55,88.23529411764706
6,EURUSD_otc,SELL,red_bar+3greens+macd_cross_down,03:38,88.23529411764706
6,EURUSD_otc,SELL,red_bar+3greens+macd_cross_down,21:04,88.23529411764706
6,EURUSD_otc,SELL,red_bar+3greens+macd_cross_down,23:12,88.23529411764706
6,EURUSD_otc,SELL,red_bar+3greens+macd_cross_down,01:34,88.23529411764706
6,EURUSD_otc,SELL,red_bar+3greens+macd_cross_down,00:56,88.23529411764706
6,EURUSD_otc,SELL,red_bar+3greens+macd_cross_down,12:47,88.23529411764706
6,EURUSD_otc,SELL,red_bar+3greens+macd_cross_down,13:16,88.23529411764706
6,EURUSD_otc,SELL,red_bar+3greens+macd_cross_down,11:07,88.23529411764706
6,EURUSD_otc,SELL,red_bar+3greens+macd_cross_down,13:31,88.23529411764706
6,EURUSD_otc,SELL,red_bar+3greens+macd_cross_down,13:36,88.23529411764706
6,EURUSD_otc,SELL,red_bar+3greens+macd_cross_down,23:01,88.23529411764706
6,EURUSD_otc,SELL,red_bar+3greens+macd_cross_down,12:35,88.23529411764706
6,EURUSD_otc,SELL,red_bar+3greens+macd_cross_down,14:52,88.23529411764706
6,EURUSD_otc,SELL,red_bar+3greens+macd_cross_down,06:21,88.23529411764706
6,EURUSD_otc,SELL,red_bar+3greens+macd_cross_down,11:44,88.23529411764706
6,EURUSD_otc,SELL,red_bar+3greens+macd_cross_down,13:52,88.23529411764706
6,EURUSD_otc,SELL,red_bar+3greens+macd_cross_down,12:26,88.23529411764706
6,EURUSD_otc,SELL,red_bar+3greens+macd_cross_down,06:29,88.23529411764706
6,EURUSD_otc,SELL,red_bar+3greens+macd_cross_down,11:42,88.23529411764706
6,EURUSD_otc,SELL,red_bar+3greens+macd_cross_down,22:40,88.23529411764706
6,EURUSD_otc,SELL,red_bar+3greens+macd_cross_down,18:07,88.23529411764706
6,EURUSD_otc,SELL,red_bar+3greens+macd_cross_down,00:20,88.23529411764706
6,EURUSD_otc,SELL,red_bar+3greens+macd_cross_down,01:07,88.23529411764706
6,EURUSD_otc,SELL,red_bar+3greens+macd_cross_down,00:45,88.23529411764706
6,EURUSD_otc,SELL,red_bar+3greens+macd_cross_down,23:02,88.23529411764706
6,EURUSD_otc,SELL,red_bar+3greens+macd_cross_down,12:25,88.23529411764706
6,EURUSD_otc,SELL,red_bar+3greens+macd_cross_down,03:40,88.23529411764706
6,EURUSD_otc,SELL,red_bar+3greens+macd_cross_down,08:50,88.23529411764706
6,EURUSD_otc,SELL,red_bar+3greens+macd_cross_down,21:31,88.23529411764706
6,EURUSD_otc,SELL,red_bar+3greens+macd_cross_down,04:32,88.23529411764706
6,EURUSD_otc,SELL,red_bar+3greens+macd_cross_down,12:19,88.23529411764706
6,EURUSD_otc,SELL,red_bar+3greens+macd_cross_down,03:52,88.23529411764706
6,EURUSD_otc,SELL,red_bar+3greens+macd_cross_down,12:13,88.23529411764706
6,EURUSD_otc,SELL,red_bar+3greens+macd_cross_down,17:22,88.23529411764706
6,EURUSD_otc,SELL,red_bar+3greens+macd_cross_down,16:27,88.23529411764706
6,EURUSD_otc,SELL,red_bar+3greens+macd_cross_down,19:57,88.23529411764706
6,EURUSD_otc,SELL,red_bar+3greens+macd_cross_down,20:20,88.23529411764706
6,EURUSD_otc,SELL,red_bar+3greens+macd_cross_down,06:21,88.23529411764706
6,EURUSD_otc,SELL,red_bar+3greens+macd_cross_down,23:09,88.23529411764706
6,EURUSD_otc,SELL,red_bar+3greens+macd_cross_down,00:40,88.23529411764706
7,USDIDR_otc,SELL,star+2greens+bb_upper_breach,17:57,89.65517241379311
7,USDIDR_otc,SELL,star+2greens+bb_upper_breach,00:32,89.65517241379311
7,USDIDR_otc,SELL,star+2greens+bb_upper_breach,02:32,89.65517241379311
7,USDIDR_otc,SELL,star+2greens+bb_upper_breach,10:21,89.65517241379311
7,USDIDR_otc,SELL,star+2greens+bb_upper_breach,10:46,89.65517241379311
7,USDIDR_otc,SELL,star+2greens+bb_upper_breach,11:50,89.65517241379311
7,USDIDR_otc,SELL,star+2greens+bb_upper_breach,04:24,89.65517241379311
7,USDIDR_otc,SELL,star+2greens+bb_upper_breach,18:21,89.65517241379311
7,USDIDR_otc,SELL,star+2greens+bb_upper_breach,13:36,89.65517241379311
7,USDIDR_otc,SELL,star+2greens+bb_upper_breach,14:50,89.65517241379311
7,USDIDR_otc,SELL,star+2greens+bb_upper_breach,16:20,89.65517241379311
7,USDIDR_otc,SELL,star+2greens+bb_upper_breach,23:27,89.65517241379311
7,USDIDR_otc,SELL,star+2greens+bb_upper_breach,05:10,89.65517241379311
7,USDIDR_otc,SELL,star+2greens+bb_upper_breach,07:22,89.65517241379311
7,USDIDR_otc,SELL,star+2greens+bb_upper_breach,04:26,89.65517241379311
7,USDIDR_otc,SELL,star+2greens+bb_upper_breach,06:21,89.65517241379311
7,USDIDR_otc,SELL,star+2greens+bb_upper_breach,11:03,89.65517241379311
7,USDIDR_otc,SELL,star+2greens+bb_upper_breach,14:08,89.65517241379311
7,USDIDR_otc,SELL,star+2greens+bb_upper_breach,14:33,89.65517241379311
7,USDIDR_otc,SELL,star+2greens+bb_upper_breach,17:57,89.65517241379311
7,USDIDR_otc,SELL,star+2greens+bb_upper_breach,10:39,89.65517241379311
7,USDIDR_otc,SELL,star+2greens+bb_upper_breach,03:59,89.65517241379311
7,USDIDR_otc,SELL,star+2greens+bb_upper_breach,04:26,89.65517241379311
7,USDIDR_otc,SELL,star+2greens+bb_upper_breach,23:33,89.65517241379311
7,USDIDR_otc,SELL,star+2greens+bb_upper_breach,23:01,89.65517241379311
7,USDIDR_otc,SELL,star+2greens+bb_upper_breach,15:20,89.65517241379311
7,USDIDR_otc,SELL,star+2greens+bb_upper_breach,00:45,89.65517241379311
7,USDIDR_otc,SELL,star+2greens+bb_upper_breach,04:26,89.65517241379311
7,USDIDR_otc,SELL,star+2greens+bb_upper_breach,13:55,89.65517241379311
8,USDMXN_otc,SELL,red_bar+4greens+macd_cross_down,11:11,92.3076923076923
8,USDMXN_otc,SELL,red_bar+4greens+macd_cross_down,00:49,92.3076923076923
8,USDMXN_otc,SELL,red_bar+4greens+macd_cross_down,13:28,92.3076923076923
8,USDMXN_otc,SELL,red_bar+4greens+macd_cross_down,11:43,92.3076923076923
8,USDMXN_otc,SELL,red_bar+4greens+macd_cross_down,15:19,92.3076923076923
8,USDMXN_otc,SELL,red_bar+4greens+macd_cross_down,06:36,92.3076923076923
8,USDMXN_otc,SELL,red_bar+4greens+macd_cross_down,08:38,92.3076923076923
8,USDMXN_otc,SELL,red_bar+4greens+macd_cross_down,20:48,92.3076923076923
8,USDMXN_otc,SELL,red_bar+4greens+macd_cross_down,13:01,92.3076923076923
8,USDMXN_otc,SELL,red_bar+4greens+macd_cross_down,02:56,92.3076923076923
8,USDMXN_otc,SELL,red_bar+4greens+macd_cross_down,09:13,92.3076923076923
8,USDMXN_otc,SELL,red_bar+4greens+macd_cross_down,07:50,92.3076923076923
8,USDMXN_otc,SELL,red_bar+4greens+macd_cross_down,13:20,92.3076923076923
8,USDMXN_otc,SELL,red_bar+4greens+macd_cross_down,20:27,92.3076923076923
8,USDMXN_otc,SELL,red_bar+4greens+macd_cross_down,17:35,92.3076923076923
8,USDMXN_otc,SELL,red_bar+4greens+macd_cross_down,21:07,92.3076923076923
8,USDMXN_otc,SELL,red_bar+4greens+macd_cross_down,20:11,92.3076923076923
8,USDMXN_otc,SELL,red_bar+4greens+macd_cross_down,12:38,92.3076923076923
8,USDMXN_otc,SELL,red_bar+4greens+macd_cross_down,01:33,92.3076923076923
8,USDMXN_otc,SELL,red_bar+4greens+macd_cross_down,20:03,92.3076923076923
8,USDMXN_otc,SELL,red_bar+4greens+macd_cross_down,11:20,92.3076923076923
8,USDMXN_otc,SELL,red_bar+4greens+macd_cross_down,18:23,92.3076923076923
8,USDMXN_otc,SELL,red_bar+4greens+macd_cross_down,05:51,92.3076923076923
8,USDMXN_otc,SELL,red_bar+4greens+macd_cross_down,07:54,92.3076923076923
8,USDMXN_otc,SELL,red_bar+4greens+macd_cross_down,09:37,92.3076923076923
8,USDMXN_otc,SELL,red_bar+4greens+macd_cross_down,16:44,92.3076923076923
9,USDINR_otc,BUY,small_green+5reds+rsi_oversold,13:47,88.88888888888889
9,USDINR_otc,BUY,small_green+5reds+rsi_oversold,19:59,88.88888888888889
9,USDINR_otc,BUY,small_green+5reds+rsi_oversold,05:36,88.88888888888889
9,USDINR_otc,BUY,small_green+5reds+rsi_oversold,21:28,88.88888888888889
9,USDINR_otc,BUY,small_green+5reds+rsi_oversold,21:53,88.88888888888889
9,USDINR_otc,BUY,small_green+5reds+rsi_oversold,23:44,88.88888888888889
9,USDINR_otc,BUY,small_green+5reds+rsi_oversold,17:41,88.88888888888889
9,USDINR_otc,BUY,small_green+5reds+rsi_oversold,23:44,88.88888888888889
9,USDINR_otc,BUY,small_green+5reds+rsi_oversold,07:24,88.88888888888889
9,USDINR_otc,BUY,small_green+5reds+rsi_oversold,02:00,88.88888888888889
9,USDINR_otc,BUY,small_green+5reds+rsi_oversold,15:24,88.88888888888889
9,USDINR_otc,BUY,small_green+5reds+rsi_oversold,13:53,88.88888888888889
9,USDINR_otc,BUY,small_green+5reds+rsi_oversold,15:25,88.88888888888889
9,USDINR_otc,BUY,small_green+5reds+rsi_oversold,07:07,88.88888888888889
9,USDINR_otc,BUY,small_green+5reds+rsi_oversold,16:06,88.88888888888889
9,USDINR_otc,BUY,small_green+5reds+rsi_oversold,18:52,88.88888888888889
9,USDINR_otc,BUY,small_green+5reds+rsi_oversold,23:07,88.88888888888889
9,USDINR_otc,BUY,small_green+5reds+rsi_oversold,05:26,88.88888888888889
9,USDINR_otc,BUY,small_green+5reds+rsi_oversold,07:30,88.88888888888889
9,USDINR_otc,BUY,small_green+5reds+rsi_oversold,15:18,88.88888888888889
9,USDINR_otc,BUY,small_green+5reds+rsi_oversold,00:36,88.88888888888889
9,USDINR_otc,BUY,small_green+5reds+rsi_oversold,00:50,88.88888888888889
9,USDINR_otc,BUY,small_green+5reds+rsi_oversold,08:35,88.88888888888889
9,USDINR_otc,BUY,small_green+5reds+rsi_oversold,14:43,88.88888888888889
9,USDINR_otc,BUY,small_green+5reds+rsi_oversold,21:56,88.88888888888889
9,USDINR_otc,BUY,small_green+5reds+rsi_oversold,08:42,88.88888888888889
9,USDINR_otc,BUY,small_green+5reds+rsi_oversold,01:52,88.88888888888889
9,USDINR_otc,BUY,small_green+5reds+rsi_oversold,15:53,88.88888888888889
9,USDINR_otc,BUY,small_green+5reds+rsi_oversold,20:20,88.88888888888889
9,USDINR_otc,BUY,small_green+5reds+rsi_oversold,04:18,88.88888888888889
9,USDINR_otc,BUY,small_green+5reds+rsi_oversold,05:18,88.88888888888889
9,USDINR_otc,BUY,small_green+5reds+rsi_oversold,03:51,88.88888888888889
9,USDINR_otc,BUY,small_green+5reds+rsi_oversold,11:54,88.88888888888889
9,USDINR_otc,BUY,small_green+5reds+rsi_oversold,01:22,88.88888888888889
9,USDINR_otc,BUY,small_green+5reds+rsi_oversold,04:28,88.88888888888889
9,USDINR_otc,BUY,small_green+5reds+rsi_oversold,06:40,88.88888888888889
9,USDINR_otc,BUY,small_green+5reds+rsi_oversold,02:50,88.88888888888889
9,USDINR_otc,BUY,small_green+5reds+rsi_oversold,10:00,88.88888888888889
9,USDINR_otc,BUY,small_green+5reds+rsi_oversold,14:04,88.88888888888889
9,USDINR_otc,BUY,small_green+5reds+rsi_oversold,15:07,88.88888888888889
9,USDINR_otc,BUY,small_green+5reds+rsi_oversold,20:31,88.88888888888889
9,USDINR_otc,BUY,small_green+5reds+rsi_oversold,22:33,88.88888888888889
9,USDINR_otc,BUY,small_green+5reds+rsi_oversold,07:00,88.88888888888889
9,USDINR_otc,BUY,small_green+5reds+rsi_oversold,22:44,88.88888888888889
9,USDINR_otc,BUY,small_green+5reds+rsi_oversold,02:39,88.88888888888889
9,USDINR_otc,BUY,small_green+5reds+rsi_oversold,05:23,88.88888888888889
9,USDINR_otc,BUY,small_green+5reds+rsi_oversold,10:48,88.88888888888889
9,USDINR_otc,BUY,small_green+5reds+rsi_oversold,18:44,88.88888888888889
9,USDINR_otc,BUY,small_green+5reds+rsi_oversold,06:19,88.88888888888889
9,USDINR_otc,BUY,small_green+5reds+rsi_oversold,09:14,88.88888888888889
9,USDINR_otc,BUY,small_green+5reds+rsi_oversold,11:18,88.88888888888889
9,USDINR_otc,BUY,small_green+5reds+rsi_oversold,01:55,88.88888888888889
9,USDINR_otc,BUY,small_green+5reds+rsi_oversold,06:04,88.88888888888889
9,USDINR_otc,BUY,small_green+5reds+rsi_oversold,10:46,88.88888888888889
10,USDINR_otc,BUY,hammer+4reds+rsi_oversold,11:06,95.65217391304348
10,USDINR_otc,BUY,hammer+4reds+rsi_oversold,19:42,95.65217391304348
10,USDINR_otc,BUY,hammer+4reds+rsi_oversold,21:40,95.65217391304348
10,USDINR_otc,BUY,hammer+4reds+rsi_oversold,21:35,95.65217391304348
10,USDINR_otc,BUY,hammer+4reds+rsi_oversold,20:40,95.65217391304348
10,USDINR_otc,BUY,hammer+4reds+rsi_oversold,23:14,95.65217391304348
10,USDINR_otc,BUY,hammer+4reds+rsi_oversold,00:17,95.65217391304348
10,USDINR_otc,BUY,hammer+4reds+rsi_oversold,03:27,95.65217391304348
10,USDINR_otc,BUY,hammer+4reds+rsi_oversold,11:12,95.65217391304348
10,USDINR_otc,BUY,hammer+4reds+rsi_oversold,17:16,95.65217391304348
10,USDINR_otc,BUY,hammer+4reds+rsi_oversold,18:37,95.65217391304348
10,USDINR_otc,BUY,hammer+4reds+rsi_oversold,22:58,95.65217391304348
10,USDINR_otc,BUY,hammer+4reds+rsi_oversold,07:51,95.65217391304348
10,USDINR_otc,BUY,hammer+4reds+rsi_oversold,17:13,95.65217391304348
10,USDINR_otc,BUY,hammer+4reds+rsi_oversold,12:02,95.65217391304348
10,USDINR_otc,BUY,hammer+4reds+rsi_oversold,17:10,95.65217391304348
10,USDINR_otc,BUY,hammer+4reds+rsi_oversold,06:37,95.65217391304348
10,USDINR_otc,BUY,hammer+4reds+rsi_oversold,22:33,95.65217391304348
10,USDINR_otc,BUY,hammer+4reds+rsi_oversold,22:44,95.65217391304348
10,USDINR_otc,BUY,hammer+4reds+rsi_oversold,05:29,95.65217391304348
10,USDINR_otc,BUY,hammer+4reds+rsi_oversold,08:20,95.65217391304348
10,USDINR_otc,BUY,hammer+4reds+rsi_oversold,11:32,95.65217391304348
10,USDINR_otc,BUY,hammer+4reds+rsi_oversold,06:03,95.65217391304348
11,USDMXN_otc,SELL,wick_rej_up+3greens+body_shrinking,23:01,86.36363636363636
11,USDMXN_otc,SELL,wick_rej_up+3greens+body_shrinking,07:04,86.36363636363636
11,USDMXN_otc,SELL,wick_rej_up+3greens+body_shrinking,10:28,86.36363636363636
11,USDMXN_otc,SELL,wick_rej_up+3greens+body_shrinking,19:57,86.36363636363636
11,USDMXN_otc,SELL,wick_rej_up+3greens+body_shrinking,17:42,86.36363636363636
11,USDMXN_otc,SELL,wick_rej_up+3greens+body_shrinking,01:18,86.36363636363636
11,USDMXN_otc,SELL,wick_rej_up+3greens+body_shrinking,22:06,86.36363636363636
11,USDMXN_otc,SELL,wick_rej_up+3greens+body_shrinking,03:31,86.36363636363636
11,USDMXN_otc,SELL,wick_rej_up+3greens+body_shrinking,03:50,86.36363636363636
11,USDMXN_otc,SELL,wick_rej_up+3greens+body_shrinking,11:03,86.36363636363636
11,USDMXN_otc,SELL,wick_rej_up+3greens+body_shrinking,21:56,86.36363636363636
11,USDMXN_otc,SELL,wick_rej_up+3greens+body_shrinking,03:59,86.36363636363636
11,USDMXN_otc,SELL,wick_rej_up+3greens+body_shrinking,00:47,86.36363636363636
11,USDMXN_otc,SELL,wick_rej_up+3greens+body_shrinking,03:56,86.36363636363636
11,USDMXN_otc,SELL,wick_rej_up+3greens+body_shrinking,19:29,86.36363636363636
11,USDMXN_otc,SELL,wick_rej_up+3greens+body_shrinking,23:44,86.36363636363636
11,USDMXN_otc,SELL,wick_rej_up+3greens+body_shrinking,01:24,86.36363636363636
11,USDMXN_otc,SELL,wick_rej_up+3greens+body_shrinking,10:52,86.36363636363636
11,USDMXN_otc,SELL,wick_rej_up+3greens+body_shrinking,13:21,86.36363636363636
11,USDMXN_otc,SELL,wick_rej_up+3greens+body_shrinking,17:27,86.36363636363636
11,USDMXN_otc,SELL,wick_rej_up+3greens+body_shrinking,23:51,86.36363636363636
11,USDMXN_otc,SELL,wick_rej_up+3greens+body_shrinking,20:34,86.36363636363636
11,USDMXN_otc,SELL,wick_rej_up+3greens+body_shrinking,23:09,86.36363636363636
11,USDMXN_otc,SELL,wick_rej_up+3greens+body_shrinking,10:43,86.36363636363636
11,USDMXN_otc,SELL,wick_rej_up+3greens+body_shrinking,04:28,86.36363636363636
11,USDMXN_otc,SELL,wick_rej_up+3greens+body_shrinking,07:12,86.36363636363636
11,USDMXN_otc,SELL,wick_rej_up+3greens+body_shrinking,12:37,86.36363636363636
11,USDMXN_otc,SELL,wick_rej_up+3greens+body_shrinking,08:03,86.36363636363636
11,USDMXN_otc,SELL,wick_rej_up+3greens+body_shrinking,15:25,86.36363636363636
11,USDMXN_otc,SELL,wick_rej_up+3greens+body_shrinking,17:04,86.36363636363636
11,USDMXN_otc,SELL,wick_rej_up+3greens+body_shrinking,13:24,86.36363636363636
11,USDMXN_otc,SELL,wick_rej_up+3greens+body_shrinking,14:45,86.36363636363636
11,USDMXN_otc,SELL,wick_rej_up+3greens+body_shrinking,06:38,86.36363636363636
11,USDMXN_otc,SELL,wick_rej_up+3greens+body_shrinking,08:24,86.36363636363636
11,USDMXN_otc,SELL,wick_rej_up+3greens+body_shrinking,18:37,86.36363636363636
11,USDMXN_otc,SELL,wick_rej_up+3greens+body_shrinking,07:44,86.36363636363636
11,USDMXN_otc,SELL,wick_rej_up+3greens+body_shrinking,19:56,86.36363636363636
11,USDMXN_otc,SELL,wick_rej_up+3greens+body_shrinking,07:53,86.36363636363636
11,USDMXN_otc,SELL,wick_rej_up+3greens+body_shrinking,01:44,86.36363636363636
11,USDMXN_otc,SELL,wick_rej_up+3greens+body_shrinking,07:35,86.36363636363636
11,USDMXN_otc,SELL,wick_rej_up+3greens+body_shrinking,21:34,86.36363636363636
11,USDMXN_otc,SELL,wick_rej_up+3greens+body_shrinking,13:28,86.36363636363636
11,USDMXN_otc,SELL,wick_rej_up+3greens+body_shrinking,00:11,86.36363636363636
11,USDMXN_otc,SELL,wick_rej_up+3greens+body_shrinking,02:41,86.36363636363636
12,USDZAR_otc,SELL,red_bar+4greens+bb_upper_breach,23:42,86.27450980392157
12,USDZAR_otc,SELL,red_bar+4greens+bb_upper_breach,22:25,86.27450980392157
12,USDZAR_otc,SELL,red_bar+4greens+bb_upper_breach,13:41,86.27450980392157
12,USDZAR_otc,SELL,red_bar+4greens+bb_upper_breach,23:09,86.27450980392157
12,USDZAR_otc,SELL,red_bar+4greens+bb_upper_breach,01:09,86.27450980392157
12,USDZAR_otc,SELL,red_bar+4greens+bb_upper_breach,12:46,86.27450980392157
12,USDZAR_otc,SELL,red_bar+4greens+bb_upper_breach,03:50,86.27450980392157
12,USDZAR_otc,SELL,red_bar+4greens+bb_upper_breach,07:35,86.27450980392157
12,USDZAR_otc,SELL,red_bar+4greens+bb_upper_breach,10:09,86.27450980392157
12,USDZAR_otc,SELL,red_bar+4greens+bb_upper_breach,11:56,86.27450980392157
12,USDZAR_otc,SELL,red_bar+4greens+bb_upper_breach,16:17,86.27450980392157
12,USDZAR_otc,SELL,red_bar+4greens+bb_upper_breach,22:20,86.27450980392157
12,USDZAR_otc,SELL,red_bar+4greens+bb_upper_breach,00:51,86.27450980392157
12,USDZAR_otc,SELL,red_bar+4greens+bb_upper_breach,02:17,86.27450980392157
12,USDZAR_otc,SELL,red_bar+4greens+bb_upper_breach,09:11,86.27450980392157
12,USDZAR_otc,SELL,red_bar+4greens+bb_upper_breach,17:06,86.27450980392157
12,USDZAR_otc,SELL,red_bar+4greens+bb_upper_breach,21:36,86.27450980392157
12,USDZAR_otc,SELL,red_bar+4greens+bb_upper_breach,02:30,86.27450980392157
12,USDZAR_otc,SELL,red_bar+4greens+bb_upper_breach,11:23,86.27450980392157
12,USDZAR_otc,SELL,red_bar+4greens+bb_upper_breach,18:38,86.27450980392157
12,USDZAR_otc,SELL,red_bar+4greens+bb_upper_breach,19:24,86.27450980392157
12,USDZAR_otc,SELL,red_bar+4greens+bb_upper_breach,22:29,86.27450980392157
12,USDZAR_otc,SELL,red_bar+4greens+bb_upper_breach,12:55,86.27450980392157
12,USDZAR_otc,SELL,red_bar+4greens+bb_upper_breach,20:28,86.27450980392157
12,USDZAR_otc,SELL,red_bar+4greens+bb_upper_breach,23:53,86.27450980392157
12,USDZAR_otc,SELL,red_bar+4greens+bb_upper_breach,09:45,86.27450980392157
12,USDZAR_otc,SELL,red_bar+4greens+bb_upper_breach,16:42,86.27450980392157
12,USDZAR_otc,SELL,red_bar+4greens+bb_upper_breach,19:25,86.27450980392157
12,USDZAR_otc,SELL,red_bar+4greens+bb_upper_breach,12:15,86.27450980392157
12,USDZAR_otc,SELL,red_bar+4greens+bb_upper_breach,12:57,86.27450980392157
12,USDZAR_otc,SELL,red_bar+4greens+bb_upper_breach,04:17,86.27450980392157
12,USDZAR_otc,SELL,red_bar+4greens+bb_upper_breach,05:15,86.27450980392157
12,USDZAR_otc,SELL,red_bar+4greens+bb_upper_breach,00:17,86.27450980392157
12,USDZAR_otc,SELL,red_bar+4greens+bb_upper_breach,00:04,86.27450980392157
12,USDZAR_otc,SELL,red_bar+4greens+bb_upper_breach,05:29,86.27450980392157
12,USDZAR_otc,SELL,red_bar+4greens+bb_upper_breach,23:07,86.27450980392157
12,USDZAR_otc,SELL,red_bar+4greens+bb_upper_breach,05:14,86.27450980392157
12,USDZAR_otc,SELL,red_bar+4greens+bb_upper_breach,18:13,86.27450980392157
12,USDZAR_otc,SELL,red_bar+4greens+bb_upper_breach,19:52,86.27450980392157
12,USDZAR_otc,SELL,red_bar+4greens+bb_upper_breach,05:06,86.27450980392157
12,USDZAR_otc,SELL,red_bar+4greens+bb_upper_breach,19:52,86.27450980392157
12,USDZAR_otc,SELL,red_bar+4greens+bb_upper_breach,00:19,86.27450980392157
12,USDZAR_otc,SELL,red_bar+4greens+bb_upper_breach,16:27,86.27450980392157
12,USDZAR_otc,SELL,red_bar+4greens+bb_upper_breach,17:19,86.27450980392157
12,USDZAR_otc,SELL,red_bar+4greens+bb_upper_breach,20:22,86.27450980392157
12,USDZAR_otc,SELL,red_bar+4greens+bb_upper_breach,13:44,86.27450980392157
12,USDZAR_otc,SELL,red_bar+4greens+bb_upper_breach,17:52,86.27450980392157
12,USDZAR_otc,SELL,red_bar+4greens+bb_upper_breach,02:39,86.27450980392157
12,USDZAR_otc,SELL,red_bar+4greens+bb_upper_breach,11:25,86.27450980392157
12,USDZAR_otc,SELL,red_bar+4greens+bb_upper_breach,20:52,86.27450980392157
12,USDZAR_otc,SELL,red_bar+4greens+bb_upper_breach,21:02,86.27450980392157
13,USDINR_otc,BUY,wick_rej_down+2reds+rsi_oversold,21:40,90.47619047619048
13,USDINR_otc,BUY,wick_rej_down+2reds+rsi_oversold,22:33,90.47619047619048
13,USDINR_otc,BUY,wick_rej_down+2reds+rsi_oversold,10:17,90.47619047619048
13,USDINR_otc,BUY,wick_rej_down+2reds+rsi_oversold,18:23,90.47619047619048
13,USDINR_otc,BUY,wick_rej_down+2reds+rsi_oversold,22:49,90.47619047619048
13,USDINR_otc,BUY,wick_rej_down+2reds+rsi_oversold,11:12,90.47619047619048
13,USDINR_otc,BUY,wick_rej_down+2reds+rsi_oversold,23:59,90.47619047619048
13,USDINR_otc,BUY,wick_rej_down+2reds+rsi_oversold,05:54,90.47619047619048
13,USDINR_otc,BUY,wick_rej_down+2reds+rsi_oversold,17:16,90.47619047619048
13,USDINR_otc,BUY,wick_rej_down+2reds+rsi_oversold,07:12,90.47619047619048
13,USDINR_otc,BUY,wick_rej_down+2reds+rsi_oversold,22:44,90.47619047619048
13,USDINR_otc,BUY,wick_rej_down+2reds+rsi_oversold,07:51,90.47619047619048
13,USDINR_otc,BUY,wick_rej_down+2reds+rsi_oversold,12:02,90.47619047619048
13,USDINR_otc,BUY,wick_rej_down+2reds+rsi_oversold,00:51,90.47619047619048
13,USDINR_otc,BUY,wick_rej_down+2reds+rsi_oversold,13:16,90.47619047619048
13,USDINR_otc,BUY,wick_rej_down+2reds+rsi_oversold,22:33,90.47619047619048
13,USDINR_otc,BUY,wick_rej_down+2reds+rsi_oversold,23:06,90.47619047619048
13,USDINR_otc,BUY,wick_rej_down+2reds+rsi_oversold,22:44,90.47619047619048
13,USDINR_otc,BUY,wick_rej_down+2reds+rsi_oversold,05:29,90.47619047619048
13,USDINR_otc,BUY,wick_rej_down+2reds+rsi_oversold,11:32,90.47619047619048
13,USDINR_otc,BUY,wick_rej_down+2reds+rsi_oversold,22:39,90.47619047619048
14,EURNZD_otc,SELL,small_red+3greens+body_growing,08:36,86.48648648648648
14,EURNZD_otc,SELL,small_red+3greens+body_growing,23:36,86.48648648648648
14,EURNZD_otc,SELL,small_red+3greens+body_growing,04:27,86.48648648648648
14,EURNZD_otc,SELL,small_red+3greens+body_growing,06:26,86.48648648648648
14,EURNZD_otc,SELL,small_red+3greens+body_growing,14:26,86.48648648648648
14,EURNZD_otc,SELL,small_red+3greens+body_growing,00:44,86.48648648648648
14,EURNZD_otc,SELL,small_red+3greens+body_growing,06:18,86.48648648648648
14,EURNZD_otc,SELL,small_red+3greens+body_growing,10:08,86.48648648648648
14,EURNZD_otc,SELL,small_red+3greens+body_growing,17:08,86.48648648648648
14,EURNZD_otc,SELL,small_red+3greens+body_growing,19:40,86.48648648648648
14,EURNZD_otc,SELL,small_red+3greens+body_growing,20:29,86.48648648648648
14,EURNZD_otc,SELL,small_red+3greens+body_growing,04:12,86.48648648648648
14,EURNZD_otc,SELL,small_red+3greens+body_growing,13:23,86.48648648648648
14,EURNZD_otc,SELL,small_red+3greens+body_growing,20:11,86.48648648648648
14,EURNZD_otc,SELL,small_red+3greens+body_growing,19:24,86.48648648648648
14,EURNZD_otc,SELL,small_red+3greens+body_growing,05:08,86.48648648648648
14,EURNZD_otc,SELL,small_red+3greens+body_growing,22:06,86.48648648648648
14,EURNZD_otc,SELL,small_red+3greens+body_growing,13:14,86.48648648648648
14,EURNZD_otc,SELL,small_red+3greens+body_growing,17:09,86.48648648648648
14,EURNZD_otc,SELL,small_red+3greens+body_growing,21:04,86.48648648648648
14,EURNZD_otc,SELL,small_red+3greens+body_growing,07:17,86.48648648648648
14,EURNZD_otc,SELL,small_red+3greens+body_growing,17:46,86.48648648648648
14,EURNZD_otc,SELL,small_red+3greens+body_growing,02:02,86.48648648648648
14,EURNZD_otc,SELL,small_red+3greens+body_growing,18:46,86.48648648648648
14,EURNZD_otc,SELL,small_red+3greens+body_growing,14:53,86.48648648648648
14,EURNZD_otc,SELL,small_red+3greens+body_growing,06:06,86.48648648648648
14,EURNZD_otc,SELL,small_red+3greens+body_growing,10:24,86.48648648648648
14,EURNZD_otc,SELL,small_red+3greens+body_growing,07:14,86.48648648648648
14,EURNZD_otc,SELL,small_red+3greens+body_growing,09:18,86.48648648648648
14,EURNZD_otc,SELL,small_red+3greens+body_growing,10:51,86.48648648648648
14,EURNZD_otc,SELL,small_red+3greens+body_growing,16:14,86.48648648648648
14,EURNZD_otc,SELL,small_red+3greens+body_growing,01:57,86.48648648648648
14,EURNZD_otc,SELL,small_red+3greens+body_growing,08:58,86.48648648648648
14,EURNZD_otc,SELL,small_red+3greens+body_growing,18:05,86.48648648648648
14,EURNZD_otc,SELL,small_red+3greens+body_growing,01:02,86.48648648648648
14,EURNZD_otc,SELL,small_red+3greens+body_growing,14:22,86.48648648648648
14,EURNZD_otc,SELL,small_red+3greens+body_growing,17:53,86.48648648648648
15,USDPHP_otc,SELL,doji+5greens+ema_below,12:06,89.1891891891892
15,USDPHP_otc,SELL,doji+5greens+ema_below,14:51,89.1891891891892
15,USDPHP_otc,SELL,doji+5greens+ema_below,07:27,89.1891891891892
15,USDPHP_otc,SELL,doji+5greens+ema_below,14:20,89.1891891891892
15,USDPHP_otc,SELL,doji+5greens+ema_below,09:19,89.1891891891892
15,USDPHP_otc,SELL,doji+5greens+ema_below,17:25,89.1891891891892
15,USDPHP_otc,SELL,doji+5greens+ema_below,06:44,89.1891891891892
15,USDPHP_otc,SELL,doji+5greens+ema_below,15:26,89.1891891891892
15,USDPHP_otc,SELL,doji+5greens+ema_below,22:52,89.1891891891892
15,USDPHP_otc,SELL,doji+5greens+ema_below,05:50,89.1891891891892
15,USDPHP_otc,SELL,doji+5greens+ema_below,23:46,89.1891891891892
15,USDPHP_otc,SELL,doji+5greens+ema_below,07:42,89.1891891891892
15,USDPHP_otc,SELL,doji+5greens+ema_below,12:10,89.1891891891892
15,USDPHP_otc,SELL,doji+5greens+ema_below,13:48,89.1891891891892
15,USDPHP_otc,SELL,doji+5greens+ema_below,10:20,89.1891891891892
15,USDPHP_otc,SELL,doji+5greens+ema_below,10:21,89.1891891891892
15,USDPHP_otc,SELL,doji+5greens+ema_below,00:51,89.1891891891892
15,USDPHP_otc,SELL,doji+5greens+ema_below,03:38,89.1891891891892
15,USDPHP_otc,SELL,doji+5greens+ema_below,03:39,89.1891891891892
15,USDPHP_otc,SELL,doji+5greens+ema_below,12:40,89.1891891891892
15,USDPHP_otc,SELL,doji+5greens+ema_below,04:29,89.1891891891892
15,USDPHP_otc,SELL,doji+5greens+ema_below,11:32,89.1891891891892
15,USDPHP_otc,SELL,doji+5greens+ema_below,09:17,89.1891891891892
15,USDPHP_otc,SELL,doji+5greens+ema_below,04:17,89.1891891891892
15,USDPHP_otc,SELL,doji+5greens+ema_below,10:05,89.1891891891892
15,USDPHP_otc,SELL,doji+5greens+ema_below,05:05,89.1891891891892
15,USDPHP_otc,SELL,doji+5greens+ema_below,22:59,89.1891891891892
15,USDPHP_otc,SELL,doji+5greens+ema_below,03:25,89.1891891891892
15,USDPHP_otc,SELL,doji+5greens+ema_below,10:58,89.1891891891892
15,USDPHP_otc,SELL,doji+5greens+ema_below,17:53,89.1891891891892
15,USDPHP_otc,SELL,doji+5greens+ema_below,22:59,89.1891891891892
15,USDPHP_otc,SELL,doji+5greens+ema_below,12:30,89.1891891891892
15,USDPHP_otc,SELL,doji+5greens+ema_below,10:35,89.1891891891892
15,USDPHP_otc,SELL,doji+5greens+ema_below,21:07,89.1891891891892
15,USDPHP_otc,SELL,doji+5greens+ema_below,21:36,89.1891891891892
15,USDPHP_otc,SELL,doji+5greens+ema_below,15:19,89.1891891891892
15,USDPHP_otc,SELL,doji+5greens+ema_below,11:50,89.1891891891892
16,USDARS_otc,SELL,star+5greens+body_shrinking,21:33,90.9090909090909
16,USDARS_otc,SELL,star+5greens+body_shrinking,08:30,90.9090909090909
16,USDARS_otc,SELL,star+5greens+body_shrinking,01:27,90.9090909090909
16,USDARS_otc,SELL,star+5greens+body_shrinking,04:55,90.9090909090909
16,USDARS_otc,SELL,star+5greens+body_shrinking,20:07,90.9090909090909
16,USDARS_otc,SELL,star+5greens+body_shrinking,16:51,90.9090909090909
16,USDARS_otc,SELL,star+5greens+body_shrinking,00:48,90.9090909090909
16,USDARS_otc,SELL,star+5greens+body_shrinking,15:59,90.9090909090909
16,USDARS_otc,SELL,star+5greens+body_shrinking,03:44,90.9090909090909
16,USDARS_otc,SELL,star+5greens+body_shrinking,07:47,90.9090909090909
16,USDARS_otc,SELL,star+5greens+body_shrinking,02:40,90.9090909090909
16,USDARS_otc,SELL,star+5greens+body_shrinking,04:24,90.9090909090909
16,USDARS_otc,SELL,star+5greens+body_shrinking,11:31,90.9090909090909
16,USDARS_otc,SELL,star+5greens+body_shrinking,02:23,90.9090909090909
16,USDARS_otc,SELL,star+5greens+body_shrinking,05:55,90.9090909090909
16,USDARS_otc,SELL,star+5greens+body_shrinking,03:07,90.9090909090909
16,USDARS_otc,SELL,star+5greens+body_shrinking,02:59,90.9090909090909
16,USDARS_otc,SELL,star+5greens+body_shrinking,13:59,90.9090909090909
16,USDARS_otc,SELL,star+5greens+body_shrinking,02:27,90.9090909090909
16,USDARS_otc,SELL,star+5greens+body_shrinking,21:24,90.9090909090909
16,USDARS_otc,SELL,star+5greens+body_shrinking,11:09,90.9090909090909
16,USDARS_otc,SELL,star+5greens+body_shrinking,07:27,90.9090909090909
