asset,type,kill_zone,bias,count,avg_range_pips,minute_of_day
BRLUSD_otc,kill_zone,Asian,-0.007222222222222222,12600,24.604761904761908,
BRLUSD_otc,kill_zone,London,0.023148148148148147,5400,24.892592592592557,
BRLUSD_otc,kill_zone,NY_AM,-0.0033333333333333335,5400,24.321481481481456,
BRLUSD_otc,kill_zone,NY_PM,0.0038888888888888888,5400,24.079814814814828,
BRLUSD_otc,kill_zone,Off-hours,-0.006320322266981525,14398,24.717113487984445,
BRLUSD_otc,recurring_minute,,-0.6333333333333333,30,,996.0
BRLUSD_otc,recurring_minute,,-0.6,30,,1221.0
USDARS_otc,kill_zone,Asian,0.0014285714285714286,12600,55.454206349206345,
USDARS_otc,kill_zone,London,0.006851851851851852,5400,55.85092592592602,
USDARS_otc,kill_zone,NY_AM,-0.025555555555555557,5400,56.536666666666775,
USDARS_otc,kill_zone,NY_PM,0.00537037037037037,5400,56.88574074074091,
USDARS_otc,kill_zone,Off-hours,-0.0031944444444444446,14400,55.62354166666671,
USDARS_otc,recurring_minute,,0.6,30,,895.0
USDDZD_otc,kill_zone,Asian,0.010079365079365079,12600,2.907103174603178,
USDDZD_otc,kill_zone,London,0.03537037037037037,5400,2.9063518518518436,
USDDZD_otc,kill_zone,NY_AM,0.0012962962962962963,5400,3.0698148148147997,
USDDZD_otc,kill_zone,NY_PM,-0.0014814814814814814,5400,2.898925925925888,
USDDZD_otc,kill_zone,Off-hours,-0.0009722222222222222,14400,2.9123194444444556,
USDDZD_otc,recurring_minute,,0.6,30,,279.0
USDPKR_otc,kill_zone,Asian,0.002619047619047619,12600,2.920515873015852,
USDPKR_otc,kill_zone,London,-0.013148148148148148,5400,2.9165555555555636,
USDPKR_otc,kill_zone,NY_AM,-0.027407407407407408,5400,2.886129629629677,
USDPKR_otc,kill_zone,NY_PM,-0.0016666666666666668,5400,2.9315185185185295,
USDPKR_otc,kill_zone,Off-hours,0.00034729457525873447,14397,2.9418976175592277,
USDPKR_otc,recurring_minute,,0.6,30,,1086.0
